station,time,item,value,unit
大城站,00,乙烷,---,ppb
大城站,00,乙烯,---,ppb
大城站,00,丙烷,---,ppb
大城站,00,丙烯,---,ppb
大城站,00,異丁烷,---,ppb
大城站,00,正丁烷,---,ppb
大城站,00,乙炔,---,ppb
大城站,00,反2-丁烯,---,ppb
大城站,00,1-丁烯,---,ppb
大城站,00,順2-丁烯,---,ppb
大城站,00,環戊烷,---,ppb
大城站,00,異戊烷,---,ppb
大城站,00,正戊烷,---,ppb
大城站,00,反2-戊烯,---,ppb
大城站,00,1-戊烯,---,ppb
大城站,00,順2-戊烯,---,ppb
大城站,00,"2,2-二甲基丁烷",---,ppb
大城站,00,"2,3-二甲基丁烷",---,ppb
大城站,00,2-甲基戊烷,---,ppb
大城站,00,3-甲基戊烷,---,ppb
大城站,00,異戊二烯,---,ppb
大城站,00,正己烷,---,ppb
大城站,00,甲基環戊烷,---,ppb
大城站,00,"2,4-二甲基戊烷",---,ppb
大城站,00,苯,---,ppb
大城站,00,環己烷,---,ppb
大城站,00,2-甲基己烷,---,ppb
大城站,00,"2,3-二甲基戊烷",---,ppb
大城站,00,3-甲基己烷,---,ppb
大城站,00,"2,2,4-三甲基戊烷",---,ppb
大城站,00,正庚烷,---,ppb
大城站,00,甲基環己烷,---,ppb
大城站,00,"2,3,4-三甲基戊烷",---,ppb
大城站,00,甲苯,---,ppb
大城站,00,2-甲基庚烷,---,ppb
大城站,00,3-甲基庚烷,---,ppb
大城站,00,正辛烷,---,ppb
大城站,00,乙苯,---,ppb
大城站,00,"間,對二甲苯",---,ppb
大城站,00,苯乙烯,---,ppb
大城站,00,鄰二甲苯,---,ppb
大城站,00,正壬烷,---,ppb
大城站,00,異丙基苯,---,ppb
大城站,00,正丙基苯,---,ppb
大城站,00,間-乙基甲苯,---,ppb
大城站,00,對-乙基甲苯,---,ppb
大城站,00,"1,3,5-三甲基苯",---,ppb
大城站,00,鄰-乙基甲苯,---,ppb
大城站,00,"1,2,4-三甲基苯",---,ppb
大城站,00,葵烷,---,ppb
大城站,00,"1,2,3-三甲基苯",---,ppb
大城站,00,間-二乙基苯,---,ppb
大城站,00,對-二乙基苯,---,ppbv
大城站,00,正十一烷,---,ppbv
東石站,00,乙烷,---,ppb
東石站,00,乙烯,---,ppb
東石站,00,丙烷,---,ppb
東石站,00,丙烯,---,ppb
東石站,00,異丁烷,---,ppb
東石站,00,正丁烷,---,ppb
東石站,00,乙炔,---,ppb
東石站,00,反2-丁烯,---,ppb
東石站,00,1-丁烯,---,ppb
東石站,00,順2-丁烯,---,ppb
東石站,00,環戊烷,---,ppb
東石站,00,異戊烷,---,ppb
東石站,00,正戊烷,---,ppb
東石站,00,反2-戊烯,---,ppb
東石站,00,1-戊烯,---,ppb
東石站,00,順2-戊烯,---,ppb
東石站,00,"2,2-二甲基丁烷",---,ppb
東石站,00,"2,3-二甲基丁烷",---,ppb
東石站,00,2-甲基戊烷,---,ppb
東石站,00,3-甲基戊烷,---,ppb
東石站,00,異戊二烯,---,ppb
東石站,00,正己烷,---,ppb
東石站,00,甲基環戊烷,---,ppb
東石站,00,"2,4-二甲基戊烷",---,ppb
東石站,00,苯,---,ppb
東石站,00,環己烷,---,ppb
東石站,00,2-甲基己烷,---,ppb
東石站,00,"2,3-二甲基戊烷",---,ppb
東石站,00,3-甲基己烷,---,ppb
東石站,00,"2,2,4-三甲基戊烷",---,ppb
東石站,00,正庚烷,---,ppb
東石站,00,甲基環己烷,---,ppb
東石站,00,"2,3,4-三甲基戊烷",---,ppb
東石站,00,甲苯,---,ppb
東石站,00,2-甲基庚烷,---,ppb
東石站,00,3-甲基庚烷,---,ppb
東石站,00,正辛烷,---,ppb
東石站,00,乙苯,---,ppb
東石站,00,"間,對二甲苯",---,ppb
東石站,00,苯乙烯,---,ppb
東石站,00,鄰二甲苯,---,ppb
東石站,00,正壬烷,---,ppb
東石站,00,異丙基苯,---,ppb
東石站,00,正丙基苯,---,ppb
東石站,00,間-乙基甲苯,---,ppb
東石站,00,對-乙基甲苯,---,ppb
東石站,00,"1,3,5-三甲基苯",---,ppb
東石站,00,鄰-乙基甲苯,---,ppb
東石站,00,"1,2,4-三甲基苯",---,ppb
東石站,00,葵烷,---,ppb
東石站,00,"1,2,3-三甲基苯",---,ppb
東石站,00,間-二乙基苯,---,ppb
東石站,00,對-二乙基苯,---,ppbv
東石站,00,正十一烷,---,ppbv
褒忠站,00,乙烷,---,ppb
褒忠站,00,乙烯,---,ppb
褒忠站,00,丙烷,---,ppb
褒忠站,00,丙烯,---,ppb
褒忠站,00,異丁烷,---,ppb
褒忠站,00,正丁烷,---,ppb
褒忠站,00,乙炔,---,ppb
褒忠站,00,反2-丁烯,---,ppb
褒忠站,00,1-丁烯,---,ppb
褒忠站,00,順2-丁烯,---,ppb
褒忠站,00,環戊烷,---,ppb
褒忠站,00,異戊烷,---,ppb
褒忠站,00,正戊烷,---,ppb
褒忠站,00,反2-戊烯,---,ppb
褒忠站,00,1-戊烯,---,ppb
褒忠站,00,順2-戊烯,---,ppb
褒忠站,00,"2,2-二甲基丁烷",---,ppb
褒忠站,00,"2,3-二甲基丁烷",---,ppb
褒忠站,00,2-甲基戊烷,---,ppb
褒忠站,00,3-甲基戊烷,---,ppb
褒忠站,00,異戊二烯,---,ppb
褒忠站,00,正己烷,---,ppb
褒忠站,00,甲基環戊烷,---,ppb
褒忠站,00,"2,4-二甲基戊烷",---,ppb
褒忠站,00,苯,---,ppb
褒忠站,00,環己烷,---,ppb
褒忠站,00,2-甲基己烷,---,ppb
褒忠站,00,"2,3-二甲基戊烷",---,ppb
褒忠站,00,3-甲基己烷,---,ppb
褒忠站,00,"2,2,4-三甲基戊烷",---,ppb
褒忠站,00,正庚烷,---,ppb
褒忠站,00,甲基環己烷,---,ppb
褒忠站,00,"2,3,4-三甲基戊烷",---,ppb
褒忠站,00,甲苯,---,ppb
褒忠站,00,2-甲基庚烷,---,ppb
褒忠站,00,3-甲基庚烷,---,ppb
褒忠站,00,正辛烷,---,ppb
褒忠站,00,乙苯,---,ppb
褒忠站,00,"間,對二甲苯",---,ppb
褒忠站,00,苯乙烯,---,ppb
褒忠站,00,鄰二甲苯,---,ppb
褒忠站,00,正壬烷,---,ppb
褒忠站,00,異丙基苯,---,ppb
褒忠站,00,正丙基苯,---,ppb
褒忠站,00,間-乙基甲苯,---,ppb
褒忠站,00,對-乙基甲苯,---,ppb
褒忠站,00,"1,3,5-三甲基苯",---,ppb
褒忠站,00,鄰-乙基甲苯,---,ppb
褒忠站,00,"1,2,4-三甲基苯",---,ppb
褒忠站,00,葵烷,---,ppb
褒忠站,00,"1,2,3-三甲基苯",---,ppb
褒忠站,00,間-二乙基苯,---,ppb
褒忠站,00,對-二乙基苯,---,ppbv
褒忠站,00,正十一烷,---,ppbv
崙背站,00,乙烷,---,ppb
崙背站,00,乙烯,---,ppb
崙背站,00,丙烷,---,ppb
崙背站,00,丙烯,---,ppb
崙背站,00,異丁烷,---,ppb
崙背站,00,正丁烷,---,ppb
崙背站,00,乙炔,---,ppb
崙背站,00,反2-丁烯,---,ppb
崙背站,00,1-丁烯,---,ppb
崙背站,00,順2-丁烯,---,ppb
崙背站,00,環戊烷,---,ppb
崙背站,00,異戊烷,---,ppb
崙背站,00,正戊烷,---,ppb
崙背站,00,反2-戊烯,---,ppb
崙背站,00,1-戊烯,---,ppb
崙背站,00,順2-戊烯,---,ppb
崙背站,00,"2,2-二甲基丁烷",---,ppb
崙背站,00,"2,3-二甲基丁烷",---,ppb
崙背站,00,2-甲基戊烷,---,ppb
崙背站,00,3-甲基戊烷,---,ppb
崙背站,00,異戊二烯,---,ppb
崙背站,00,正己烷,---,ppb
崙背站,00,甲基環戊烷,---,ppb
崙背站,00,"2,4-二甲基戊烷",---,ppb
崙背站,00,苯,---,ppb
崙背站,00,環己烷,---,ppb
崙背站,00,2-甲基己烷,---,ppb
崙背站,00,"2,3-二甲基戊烷",---,ppb
崙背站,00,3-甲基己烷,---,ppb
崙背站,00,"2,2,4-三甲基戊烷",---,ppb
崙背站,00,正庚烷,---,ppb
崙背站,00,甲基環己烷,---,ppb
崙背站,00,"2,3,4-三甲基戊烷",---,ppb
崙背站,00,甲苯,---,ppb
崙背站,00,2-甲基庚烷,---,ppb
崙背站,00,3-甲基庚烷,---,ppb
崙背站,00,正辛烷,---,ppb
崙背站,00,乙苯,---,ppb
崙背站,00,"間,對二甲苯",---,ppb
崙背站,00,苯乙烯,---,ppb
崙背站,00,鄰二甲苯,---,ppb
崙背站,00,正壬烷,---,ppb
崙背站,00,異丙基苯,---,ppb
崙背站,00,正丙基苯,---,ppb
崙背站,00,間-乙基甲苯,---,ppb
崙背站,00,對-乙基甲苯,---,ppb
崙背站,00,"1,3,5-三甲基苯",---,ppb
崙背站,00,鄰-乙基甲苯,---,ppb
崙背站,00,"1,2,4-三甲基苯",---,ppb
崙背站,00,葵烷,---,ppb
崙背站,00,"1,2,3-三甲基苯",---,ppb
崙背站,00,間-二乙基苯,---,ppb
崙背站,00,對-二乙基苯,---,ppbv
崙背站,00,正十一烷,---,ppbv
四湖站,00,乙烷,---,ppb
四湖站,00,乙烯,---,ppb
四湖站,00,丙烷,---,ppb
四湖站,00,丙烯,---,ppb
四湖站,00,異丁烷,---,ppb
四湖站,00,正丁烷,---,ppb
四湖站,00,乙炔,---,ppb
四湖站,00,反2-丁烯,---,ppb
四湖站,00,1-丁烯,---,ppb
四湖站,00,順2-丁烯,---,ppb
四湖站,00,環戊烷,---,ppb
四湖站,00,異戊烷,---,ppb
四湖站,00,正戊烷,---,ppb
四湖站,00,反2-戊烯,---,ppb
四湖站,00,1-戊烯,---,ppb
四湖站,00,順2-戊烯,---,ppb
四湖站,00,"2,2-二甲基丁烷",---,ppb
四湖站,00,"2,3-二甲基丁烷",---,ppb
四湖站,00,2-甲基戊烷,---,ppb
四湖站,00,3-甲基戊烷,---,ppb
四湖站,00,異戊二烯,---,ppb
四湖站,00,正己烷,---,ppb
四湖站,00,甲基環戊烷,---,ppb
四湖站,00,"2,4-二甲基戊烷",---,ppb
四湖站,00,苯,---,ppb
四湖站,00,環己烷,---,ppb
四湖站,00,2-甲基己烷,---,ppb
四湖站,00,"2,3-二甲基戊烷",---,ppb
四湖站,00,3-甲基己烷,---,ppb
四湖站,00,"2,2,4-三甲基戊烷",---,ppb
四湖站,00,正庚烷,---,ppb
四湖站,00,甲基環己烷,---,ppb
四湖站,00,"2,3,4-三甲基戊烷",---,ppb
四湖站,00,甲苯,---,ppb
四湖站,00,2-甲基庚烷,---,ppb
四湖站,00,3-甲基庚烷,---,ppb
四湖站,00,正辛烷,---,ppb
四湖站,00,乙苯,---,ppb
四湖站,00,"間,對二甲苯",---,ppb
四湖站,00,苯乙烯,---,ppb
四湖站,00,鄰二甲苯,---,ppb
四湖站,00,正壬烷,---,ppb
四湖站,00,異丙基苯,---,ppb
四湖站,00,正丙基苯,---,ppb
四湖站,00,間-乙基甲苯,---,ppb
四湖站,00,對-乙基甲苯,---,ppb
四湖站,00,"1,3,5-三甲基苯",---,ppb
四湖站,00,鄰-乙基甲苯,---,ppb
四湖站,00,"1,2,4-三甲基苯",---,ppb
四湖站,00,葵烷,---,ppb
四湖站,00,"1,2,3-三甲基苯",---,ppb
四湖站,00,間-二乙基苯,---,ppb
四湖站,00,對-二乙基苯,---,ppbv
四湖站,00,正十一烷,---,ppbv
東勢站,00,乙烷,---,ppb
東勢站,00,乙烯,---,ppb
東勢站,00,丙烷,---,ppb
東勢站,00,丙烯,---,ppb
東勢站,00,異丁烷,---,ppb
東勢站,00,正丁烷,---,ppb
東勢站,00,乙炔,---,ppb
東勢站,00,反2-丁烯,---,ppb
東勢站,00,1-丁烯,---,ppb
東勢站,00,順2-丁烯,---,ppb
東勢站,00,環戊烷,---,ppb
東勢站,00,異戊烷,---,ppb
東勢站,00,正戊烷,---,ppb
東勢站,00,反2-戊烯,---,ppb
東勢站,00,1-戊烯,---,ppb
東勢站,00,順2-戊烯,---,ppb
東勢站,00,"2,2-二甲基丁烷",---,ppb
東勢站,00,"2,3-二甲基丁烷",---,ppb
東勢站,00,2-甲基戊烷,---,ppb
東勢站,00,3-甲基戊烷,---,ppb
東勢站,00,異戊二烯,---,ppb
東勢站,00,正己烷,---,ppb
東勢站,00,甲基環戊烷,---,ppb
東勢站,00,"2,4-二甲基戊烷",---,ppb
東勢站,00,苯,---,ppb
東勢站,00,環己烷,---,ppb
東勢站,00,2-甲基己烷,---,ppb
東勢站,00,"2,3-二甲基戊烷",---,ppb
東勢站,00,3-甲基己烷,---,ppb
東勢站,00,"2,2,4-三甲基戊烷",---,ppb
東勢站,00,正庚烷,---,ppb
東勢站,00,甲基環己烷,---,ppb
東勢站,00,"2,3,4-三甲基戊烷",---,ppb
東勢站,00,甲苯,---,ppb
東勢站,00,2-甲基庚烷,---,ppb
東勢站,00,3-甲基庚烷,---,ppb
東勢站,00,正辛烷,---,ppb
東勢站,00,乙苯,---,ppb
東勢站,00,"間,對二甲苯",---,ppb
東勢站,00,苯乙烯,---,ppb
東勢站,00,鄰二甲苯,---,ppb
東勢站,00,正壬烷,---,ppb
東勢站,00,異丙基苯,---,ppb
東勢站,00,正丙基苯,---,ppb
東勢站,00,間-乙基甲苯,---,ppb
東勢站,00,對-乙基甲苯,---,ppb
東勢站,00,"1,3,5-三甲基苯",---,ppb
東勢站,00,鄰-乙基甲苯,---,ppb
東勢站,00,"1,2,4-三甲基苯",---,ppb
東勢站,00,葵烷,---,ppb
東勢站,00,"1,2,3-三甲基苯",---,ppb
東勢站,00,間-二乙基苯,---,ppb
東勢站,00,對-二乙基苯,---,ppbv
東勢站,00,正十一烷,---,ppbv
麥寮站,00,乙烷,---,ppb
麥寮站,00,乙烯,---,ppb
麥寮站,00,丙烷,---,ppb
麥寮站,00,丙烯,---,ppb
麥寮站,00,異丁烷,---,ppb
麥寮站,00,正丁烷,---,ppb
麥寮站,00,乙炔,---,ppb
麥寮站,00,反2-丁烯,---,ppb
麥寮站,00,1-丁烯,---,ppb
麥寮站,00,順2-丁烯,---,ppb
麥寮站,00,環戊烷,---,ppb
麥寮站,00,異戊烷,---,ppb
麥寮站,00,正戊烷,---,ppb
麥寮站,00,反2-戊烯,---,ppb
麥寮站,00,1-戊烯,---,ppb
麥寮站,00,順2-戊烯,---,ppb
麥寮站,00,"2,2-二甲基丁烷",---,ppb
麥寮站,00,"2,3-二甲基丁烷",---,ppb
麥寮站,00,2-甲基戊烷,---,ppb
麥寮站,00,3-甲基戊烷,---,ppb
麥寮站,00,異戊二烯,---,ppb
麥寮站,00,正己烷,---,ppb
麥寮站,00,甲基環戊烷,---,ppb
麥寮站,00,"2,4-二甲基戊烷",---,ppb
麥寮站,00,苯,---,ppb
麥寮站,00,環己烷,---,ppb
麥寮站,00,2-甲基己烷,---,ppb
麥寮站,00,"2,3-二甲基戊烷",---,ppb
麥寮站,00,3-甲基己烷,---,ppb
麥寮站,00,"2,2,4-三甲基戊烷",---,ppb
麥寮站,00,正庚烷,---,ppb
麥寮站,00,甲基環己烷,---,ppb
麥寮站,00,"2,3,4-三甲基戊烷",---,ppb
麥寮站,00,甲苯,---,ppb
麥寮站,00,2-甲基庚烷,---,ppb
麥寮站,00,3-甲基庚烷,---,ppb
麥寮站,00,正辛烷,---,ppb
麥寮站,00,乙苯,---,ppb
麥寮站,00,"間,對二甲苯",---,ppb
麥寮站,00,苯乙烯,---,ppb
麥寮站,00,鄰二甲苯,---,ppb
麥寮站,00,正壬烷,---,ppb
麥寮站,00,異丙基苯,---,ppb
麥寮站,00,正丙基苯,---,ppb
麥寮站,00,間-乙基甲苯,---,ppb
麥寮站,00,對-乙基甲苯,---,ppb
麥寮站,00,"1,3,5-三甲基苯",---,ppb
麥寮站,00,鄰-乙基甲苯,---,ppb
麥寮站,00,"1,2,4-三甲基苯",---,ppb
麥寮站,00,葵烷,---,ppb
麥寮站,00,"1,2,3-三甲基苯",---,ppb
麥寮站,00,間-二乙基苯,---,ppb
麥寮站,00,對-二乙基苯,---,ppbv
麥寮站,00,正十一烷,---,ppbv
台西站,00,乙烷,---,ppb
台西站,00,乙烯,---,ppb
台西站,00,丙烷,---,ppb
台西站,00,丙烯,---,ppb
台西站,00,異丁烷,---,ppb
台西站,00,正丁烷,---,ppb
台西站,00,乙炔,---,ppb
台西站,00,反2-丁烯,---,ppb
台西站,00,1-丁烯,---,ppb
台西站,00,順2-丁烯,---,ppb
台西站,00,環戊烷,---,ppb
台西站,00,異戊烷,---,ppb
台西站,00,正戊烷,---,ppb
台西站,00,反2-戊烯,---,ppb
台西站,00,1-戊烯,---,ppb
台西站,00,順2-戊烯,---,ppb
台西站,00,"2,2-二甲基丁烷",---,ppb
台西站,00,"2,3-二甲基丁烷",---,ppb
台西站,00,2-甲基戊烷,---,ppb
台西站,00,3-甲基戊烷,---,ppb
台西站,00,異戊二烯,---,ppb
台西站,00,正己烷,---,ppb
台西站,00,甲基環戊烷,---,ppb
台西站,00,"2,4-二甲基戊烷",---,ppb
台西站,00,苯,---,ppb
台西站,00,環己烷,---,ppb
台西站,00,2-甲基己烷,---,ppb
台西站,00,"2,3-二甲基戊烷",---,ppb
台西站,00,3-甲基己烷,---,ppb
台西站,00,"2,2,4-三甲基戊烷",---,ppb
台西站,00,正庚烷,---,ppb
台西站,00,甲基環己烷,---,ppb
台西站,00,"2,3,4-三甲基戊烷",---,ppb
台西站,00,甲苯,---,ppb
台西站,00,2-甲基庚烷,---,ppb
台西站,00,3-甲基庚烷,---,ppb
台西站,00,正辛烷,---,ppb
台西站,00,乙苯,---,ppb
台西站,00,"間,對二甲苯",---,ppb
台西站,00,苯乙烯,---,ppb
台西站,00,鄰二甲苯,---,ppb
台西站,00,正壬烷,---,ppb
台西站,00,異丙基苯,---,ppb
台西站,00,正丙基苯,---,ppb
台西站,00,間-乙基甲苯,---,ppb
台西站,00,對-乙基甲苯,---,ppb
台西站,00,"1,3,5-三甲基苯",---,ppb
台西站,00,鄰-乙基甲苯,---,ppb
台西站,00,"1,2,4-三甲基苯",---,ppb
台西站,00,葵烷,---,ppb
台西站,00,"1,2,3-三甲基苯",---,ppb
台西站,00,間-二乙基苯,---,ppb
台西站,00,對-二乙基苯,---,ppbv
台西站,00,正十一烷,---,ppbv
土庫站,00,乙烷,---,ppb
土庫站,00,乙烯,---,ppb
土庫站,00,丙烷,---,ppb
土庫站,00,丙烯,---,ppb
土庫站,00,異丁烷,---,ppb
土庫站,00,正丁烷,---,ppb
土庫站,00,乙炔,---,ppb
土庫站,00,反2-丁烯,---,ppb
土庫站,00,1-丁烯,---,ppb
土庫站,00,順2-丁烯,---,ppb
土庫站,00,環戊烷,---,ppb
土庫站,00,異戊烷,---,ppb
土庫站,00,正戊烷,---,ppb
土庫站,00,反2-戊烯,---,ppb
土庫站,00,1-戊烯,---,ppb
土庫站,00,順2-戊烯,---,ppb
土庫站,00,"2,2-二甲基丁烷",---,ppb
土庫站,00,"2,3-二甲基丁烷",---,ppb
土庫站,00,2-甲基戊烷,---,ppb
土庫站,00,3-甲基戊烷,---,ppb
土庫站,00,異戊二烯,---,ppb
土庫站,00,正己烷,---,ppb
土庫站,00,甲基環戊烷,---,ppb
土庫站,00,"2,4-二甲基戊烷",---,ppb
土庫站,00,苯,---,ppb
土庫站,00,環己烷,---,ppb
土庫站,00,2-甲基己烷,---,ppb
土庫站,00,"2,3-二甲基戊烷",---,ppb
土庫站,00,3-甲基己烷,---,ppb
土庫站,00,"2,2,4-三甲基戊烷",---,ppb
土庫站,00,正庚烷,---,ppb
土庫站,00,甲基環己烷,---,ppb
土庫站,00,"2,3,4-三甲基戊烷",---,ppb
土庫站,00,甲苯,---,ppb
土庫站,00,2-甲基庚烷,---,ppb
土庫站,00,3-甲基庚烷,---,ppb
土庫站,00,正辛烷,---,ppb
土庫站,00,乙苯,---,ppb
土庫站,00,"間,對二甲苯",---,ppb
土庫站,00,苯乙烯,---,ppb
土庫站,00,鄰二甲苯,---,ppb
土庫站,00,正壬烷,---,ppb
土庫站,00,異丙基苯,---,ppb
土庫站,00,正丙基苯,---,ppb
土庫站,00,間-乙基甲苯,---,ppb
土庫站,00,對-乙基甲苯,---,ppb
土庫站,00,"1,3,5-三甲基苯",---,ppb
土庫站,00,鄰-乙基甲苯,---,ppb
土庫站,00,"1,2,4-三甲基苯",---,ppb
土庫站,00,葵烷,---,ppb
土庫站,00,"1,2,3-三甲基苯",---,ppb
土庫站,00,間-二乙基苯,---,ppb
土庫站,00,對-二乙基苯,---,ppbv
土庫站,00,正十一烷,---,ppbv
西螺站,00,乙烷,---,ppb
西螺站,00,乙烯,---,ppb
西螺站,00,丙烷,---,ppb
西螺站,00,丙烯,---,ppb
西螺站,00,異丁烷,---,ppb
西螺站,00,正丁烷,---,ppb
西螺站,00,乙炔,---,ppb
西螺站,00,反2-丁烯,---,ppb
西螺站,00,1-丁烯,---,ppb
西螺站,00,順2-丁烯,---,ppb
西螺站,00,環戊烷,---,ppb
西螺站,00,異戊烷,---,ppb
西螺站,00,正戊烷,---,ppb
西螺站,00,反2-戊烯,---,ppb
西螺站,00,1-戊烯,---,ppb
西螺站,00,順2-戊烯,---,ppb
西螺站,00,"2,2-二甲基丁烷",---,ppb
西螺站,00,"2,3-二甲基丁烷",---,ppb
西螺站,00,2-甲基戊烷,---,ppb
西螺站,00,3-甲基戊烷,---,ppb
西螺站,00,異戊二烯,---,ppb
西螺站,00,正己烷,---,ppb
西螺站,00,甲基環戊烷,---,ppb
西螺站,00,"2,4-二甲基戊烷",---,ppb
西螺站,00,苯,---,ppb
西螺站,00,環己烷,---,ppb
西螺站,00,2-甲基己烷,---,ppb
西螺站,00,"2,3-二甲基戊烷",---,ppb
西螺站,00,3-甲基己烷,---,ppb
西螺站,00,"2,2,4-三甲基戊烷",---,ppb
西螺站,00,正庚烷,---,ppb
西螺站,00,甲基環己烷,---,ppb
西螺站,00,"2,3,4-三甲基戊烷",---,ppb
西螺站,00,甲苯,---,ppb
西螺站,00,2-甲基庚烷,---,ppb
西螺站,00,3-甲基庚烷,---,ppb
西螺站,00,正辛烷,---,ppb
西螺站,00,乙苯,---,ppb
西螺站,00,"間,對二甲苯",---,ppb
西螺站,00,苯乙烯,---,ppb
西螺站,00,鄰二甲苯,---,ppb
西螺站,00,正壬烷,---,ppb
西螺站,00,異丙基苯,---,ppb
西螺站,00,正丙基苯,---,ppb
西螺站,00,間-乙基甲苯,---,ppb
西螺站,00,對-乙基甲苯,---,ppb
西螺站,00,"1,3,5-三甲基苯",---,ppb
西螺站,00,鄰-乙基甲苯,---,ppb
西螺站,00,"1,2,4-三甲基苯",---,ppb
西螺站,00,葵烷,---,ppb
西螺站,00,"1,2,3-三甲基苯",---,ppb
西螺站,00,間-二乙基苯,---,ppb
西螺站,00,對-二乙基苯,---,ppbv
西螺站,00,正十一烷,---,ppbv
大城站,01,乙烷,---,ppb
大城站,01,乙烯,---,ppb
大城站,01,丙烷,---,ppb
大城站,01,丙烯,---,ppb
大城站,01,異丁烷,---,ppb
大城站,01,正丁烷,---,ppb
大城站,01,乙炔,---,ppb
大城站,01,反2-丁烯,---,ppb
大城站,01,1-丁烯,---,ppb
大城站,01,順2-丁烯,---,ppb
大城站,01,環戊烷,---,ppb
大城站,01,異戊烷,---,ppb
大城站,01,正戊烷,---,ppb
大城站,01,反2-戊烯,---,ppb
大城站,01,1-戊烯,---,ppb
大城站,01,順2-戊烯,---,ppb
大城站,01,"2,2-二甲基丁烷",---,ppb
大城站,01,"2,3-二甲基丁烷",---,ppb
大城站,01,2-甲基戊烷,---,ppb
大城站,01,3-甲基戊烷,---,ppb
大城站,01,異戊二烯,---,ppb
大城站,01,正己烷,---,ppb
大城站,01,甲基環戊烷,---,ppb
大城站,01,"2,4-二甲基戊烷",---,ppb
大城站,01,苯,---,ppb
大城站,01,環己烷,---,ppb
大城站,01,2-甲基己烷,---,ppb
大城站,01,"2,3-二甲基戊烷",---,ppb
大城站,01,3-甲基己烷,---,ppb
大城站,01,"2,2,4-三甲基戊烷",---,ppb
大城站,01,正庚烷,---,ppb
大城站,01,甲基環己烷,---,ppb
大城站,01,"2,3,4-三甲基戊烷",---,ppb
大城站,01,甲苯,---,ppb
大城站,01,2-甲基庚烷,---,ppb
大城站,01,3-甲基庚烷,---,ppb
大城站,01,正辛烷,---,ppb
大城站,01,乙苯,---,ppb
大城站,01,"間,對二甲苯",---,ppb
大城站,01,苯乙烯,---,ppb
大城站,01,鄰二甲苯,---,ppb
大城站,01,正壬烷,---,ppb
大城站,01,異丙基苯,---,ppb
大城站,01,正丙基苯,---,ppb
大城站,01,間-乙基甲苯,---,ppb
大城站,01,對-乙基甲苯,---,ppb
大城站,01,"1,3,5-三甲基苯",---,ppb
大城站,01,鄰-乙基甲苯,---,ppb
大城站,01,"1,2,4-三甲基苯",---,ppb
大城站,01,葵烷,---,ppb
大城站,01,"1,2,3-三甲基苯",---,ppb
大城站,01,間-二乙基苯,---,ppb
大城站,01,對-二乙基苯,---,ppbv
大城站,01,正十一烷,---,ppbv
東石站,01,乙烷,---,ppb
東石站,01,乙烯,---,ppb
東石站,01,丙烷,---,ppb
東石站,01,丙烯,---,ppb
東石站,01,異丁烷,---,ppb
東石站,01,正丁烷,---,ppb
東石站,01,乙炔,---,ppb
東石站,01,反2-丁烯,---,ppb
東石站,01,1-丁烯,---,ppb
東石站,01,順2-丁烯,---,ppb
東石站,01,環戊烷,---,ppb
東石站,01,異戊烷,---,ppb
東石站,01,正戊烷,---,ppb
東石站,01,反2-戊烯,---,ppb
東石站,01,1-戊烯,---,ppb
東石站,01,順2-戊烯,---,ppb
東石站,01,"2,2-二甲基丁烷",---,ppb
東石站,01,"2,3-二甲基丁烷",---,ppb
東石站,01,2-甲基戊烷,---,ppb
東石站,01,3-甲基戊烷,---,ppb
東石站,01,異戊二烯,---,ppb
東石站,01,正己烷,---,ppb
東石站,01,甲基環戊烷,---,ppb
東石站,01,"2,4-二甲基戊烷",---,ppb
東石站,01,苯,---,ppb
東石站,01,環己烷,---,ppb
東石站,01,2-甲基己烷,---,ppb
東石站,01,"2,3-二甲基戊烷",---,ppb
東石站,01,3-甲基己烷,---,ppb
東石站,01,"2,2,4-三甲基戊烷",---,ppb
東石站,01,正庚烷,---,ppb
東石站,01,甲基環己烷,---,ppb
東石站,01,"2,3,4-三甲基戊烷",---,ppb
東石站,01,甲苯,---,ppb
東石站,01,2-甲基庚烷,---,ppb
東石站,01,3-甲基庚烷,---,ppb
東石站,01,正辛烷,---,ppb
東石站,01,乙苯,---,ppb
東石站,01,"間,對二甲苯",---,ppb
東石站,01,苯乙烯,---,ppb
東石站,01,鄰二甲苯,---,ppb
東石站,01,正壬烷,---,ppb
東石站,01,異丙基苯,---,ppb
東石站,01,正丙基苯,---,ppb
東石站,01,間-乙基甲苯,---,ppb
東石站,01,對-乙基甲苯,---,ppb
東石站,01,"1,3,5-三甲基苯",---,ppb
東石站,01,鄰-乙基甲苯,---,ppb
東石站,01,"1,2,4-三甲基苯",---,ppb
東石站,01,葵烷,---,ppb
東石站,01,"1,2,3-三甲基苯",---,ppb
東石站,01,間-二乙基苯,---,ppb
東石站,01,對-二乙基苯,---,ppbv
東石站,01,正十一烷,---,ppbv
褒忠站,01,乙烷,---,ppb
褒忠站,01,乙烯,---,ppb
褒忠站,01,丙烷,---,ppb
褒忠站,01,丙烯,---,ppb
褒忠站,01,異丁烷,---,ppb
褒忠站,01,正丁烷,---,ppb
褒忠站,01,乙炔,---,ppb
褒忠站,01,反2-丁烯,---,ppb
褒忠站,01,1-丁烯,---,ppb
褒忠站,01,順2-丁烯,---,ppb
褒忠站,01,環戊烷,---,ppb
褒忠站,01,異戊烷,---,ppb
褒忠站,01,正戊烷,---,ppb
褒忠站,01,反2-戊烯,---,ppb
褒忠站,01,1-戊烯,---,ppb
褒忠站,01,順2-戊烯,---,ppb
褒忠站,01,"2,2-二甲基丁烷",---,ppb
褒忠站,01,"2,3-二甲基丁烷",---,ppb
褒忠站,01,2-甲基戊烷,---,ppb
褒忠站,01,3-甲基戊烷,---,ppb
褒忠站,01,異戊二烯,---,ppb
褒忠站,01,正己烷,---,ppb
褒忠站,01,甲基環戊烷,---,ppb
褒忠站,01,"2,4-二甲基戊烷",---,ppb
褒忠站,01,苯,---,ppb
褒忠站,01,環己烷,---,ppb
褒忠站,01,2-甲基己烷,---,ppb
褒忠站,01,"2,3-二甲基戊烷",---,ppb
褒忠站,01,3-甲基己烷,---,ppb
褒忠站,01,"2,2,4-三甲基戊烷",---,ppb
褒忠站,01,正庚烷,---,ppb
褒忠站,01,甲基環己烷,---,ppb
褒忠站,01,"2,3,4-三甲基戊烷",---,ppb
褒忠站,01,甲苯,---,ppb
褒忠站,01,2-甲基庚烷,---,ppb
褒忠站,01,3-甲基庚烷,---,ppb
褒忠站,01,正辛烷,---,ppb
褒忠站,01,乙苯,---,ppb
褒忠站,01,"間,對二甲苯",---,ppb
褒忠站,01,苯乙烯,---,ppb
褒忠站,01,鄰二甲苯,---,ppb
褒忠站,01,正壬烷,---,ppb
褒忠站,01,異丙基苯,---,ppb
褒忠站,01,正丙基苯,---,ppb
褒忠站,01,間-乙基甲苯,---,ppb
褒忠站,01,對-乙基甲苯,---,ppb
褒忠站,01,"1,3,5-三甲基苯",---,ppb
褒忠站,01,鄰-乙基甲苯,---,ppb
褒忠站,01,"1,2,4-三甲基苯",---,ppb
褒忠站,01,葵烷,---,ppb
褒忠站,01,"1,2,3-三甲基苯",---,ppb
褒忠站,01,間-二乙基苯,---,ppb
褒忠站,01,對-二乙基苯,---,ppbv
褒忠站,01,正十一烷,---,ppbv
崙背站,01,乙烷,---,ppb
崙背站,01,乙烯,---,ppb
崙背站,01,丙烷,---,ppb
崙背站,01,丙烯,---,ppb
崙背站,01,異丁烷,---,ppb
崙背站,01,正丁烷,---,ppb
崙背站,01,乙炔,---,ppb
崙背站,01,反2-丁烯,---,ppb
崙背站,01,1-丁烯,---,ppb
崙背站,01,順2-丁烯,---,ppb
崙背站,01,環戊烷,---,ppb
崙背站,01,異戊烷,---,ppb
崙背站,01,正戊烷,---,ppb
崙背站,01,反2-戊烯,---,ppb
崙背站,01,1-戊烯,---,ppb
崙背站,01,順2-戊烯,---,ppb
崙背站,01,"2,2-二甲基丁烷",---,ppb
崙背站,01,"2,3-二甲基丁烷",---,ppb
崙背站,01,2-甲基戊烷,---,ppb
崙背站,01,3-甲基戊烷,---,ppb
崙背站,01,異戊二烯,---,ppb
崙背站,01,正己烷,---,ppb
崙背站,01,甲基環戊烷,---,ppb
崙背站,01,"2,4-二甲基戊烷",---,ppb
崙背站,01,苯,---,ppb
崙背站,01,環己烷,---,ppb
崙背站,01,2-甲基己烷,---,ppb
崙背站,01,"2,3-二甲基戊烷",---,ppb
崙背站,01,3-甲基己烷,---,ppb
崙背站,01,"2,2,4-三甲基戊烷",---,ppb
崙背站,01,正庚烷,---,ppb
崙背站,01,甲基環己烷,---,ppb
崙背站,01,"2,3,4-三甲基戊烷",---,ppb
崙背站,01,甲苯,---,ppb
崙背站,01,2-甲基庚烷,---,ppb
崙背站,01,3-甲基庚烷,---,ppb
崙背站,01,正辛烷,---,ppb
崙背站,01,乙苯,---,ppb
崙背站,01,"間,對二甲苯",---,ppb
崙背站,01,苯乙烯,---,ppb
崙背站,01,鄰二甲苯,---,ppb
崙背站,01,正壬烷,---,ppb
崙背站,01,異丙基苯,---,ppb
崙背站,01,正丙基苯,---,ppb
崙背站,01,間-乙基甲苯,---,ppb
崙背站,01,對-乙基甲苯,---,ppb
崙背站,01,"1,3,5-三甲基苯",---,ppb
崙背站,01,鄰-乙基甲苯,---,ppb
崙背站,01,"1,2,4-三甲基苯",---,ppb
崙背站,01,葵烷,---,ppb
崙背站,01,"1,2,3-三甲基苯",---,ppb
崙背站,01,間-二乙基苯,---,ppb
崙背站,01,對-二乙基苯,---,ppbv
崙背站,01,正十一烷,---,ppbv
四湖站,01,乙烷,---,ppb
四湖站,01,乙烯,---,ppb
四湖站,01,丙烷,---,ppb
四湖站,01,丙烯,---,ppb
四湖站,01,異丁烷,---,ppb
四湖站,01,正丁烷,---,ppb
四湖站,01,乙炔,---,ppb
四湖站,01,反2-丁烯,---,ppb
四湖站,01,1-丁烯,---,ppb
四湖站,01,順2-丁烯,---,ppb
四湖站,01,環戊烷,---,ppb
四湖站,01,異戊烷,---,ppb
四湖站,01,正戊烷,---,ppb
四湖站,01,反2-戊烯,---,ppb
四湖站,01,1-戊烯,---,ppb
四湖站,01,順2-戊烯,---,ppb
四湖站,01,"2,2-二甲基丁烷",---,ppb
四湖站,01,"2,3-二甲基丁烷",---,ppb
四湖站,01,2-甲基戊烷,---,ppb
四湖站,01,3-甲基戊烷,---,ppb
四湖站,01,異戊二烯,---,ppb
四湖站,01,正己烷,---,ppb
四湖站,01,甲基環戊烷,---,ppb
四湖站,01,"2,4-二甲基戊烷",---,ppb
四湖站,01,苯,---,ppb
四湖站,01,環己烷,---,ppb
四湖站,01,2-甲基己烷,---,ppb
四湖站,01,"2,3-二甲基戊烷",---,ppb
四湖站,01,3-甲基己烷,---,ppb
四湖站,01,"2,2,4-三甲基戊烷",---,ppb
四湖站,01,正庚烷,---,ppb
四湖站,01,甲基環己烷,---,ppb
四湖站,01,"2,3,4-三甲基戊烷",---,ppb
四湖站,01,甲苯,---,ppb
四湖站,01,2-甲基庚烷,---,ppb
四湖站,01,3-甲基庚烷,---,ppb
四湖站,01,正辛烷,---,ppb
四湖站,01,乙苯,---,ppb
四湖站,01,"間,對二甲苯",---,ppb
四湖站,01,苯乙烯,---,ppb
四湖站,01,鄰二甲苯,---,ppb
四湖站,01,正壬烷,---,ppb
四湖站,01,異丙基苯,---,ppb
四湖站,01,正丙基苯,---,ppb
四湖站,01,間-乙基甲苯,---,ppb
四湖站,01,對-乙基甲苯,---,ppb
四湖站,01,"1,3,5-三甲基苯",---,ppb
四湖站,01,鄰-乙基甲苯,---,ppb
四湖站,01,"1,2,4-三甲基苯",---,ppb
四湖站,01,葵烷,---,ppb
四湖站,01,"1,2,3-三甲基苯",---,ppb
四湖站,01,間-二乙基苯,---,ppb
四湖站,01,對-二乙基苯,---,ppbv
四湖站,01,正十一烷,---,ppbv
東勢站,01,乙烷,---,ppb
東勢站,01,乙烯,---,ppb
東勢站,01,丙烷,---,ppb
東勢站,01,丙烯,---,ppb
東勢站,01,異丁烷,---,ppb
東勢站,01,正丁烷,---,ppb
東勢站,01,乙炔,---,ppb
東勢站,01,反2-丁烯,---,ppb
東勢站,01,1-丁烯,---,ppb
東勢站,01,順2-丁烯,---,ppb
東勢站,01,環戊烷,---,ppb
東勢站,01,異戊烷,---,ppb
東勢站,01,正戊烷,---,ppb
東勢站,01,反2-戊烯,---,ppb
東勢站,01,1-戊烯,---,ppb
東勢站,01,順2-戊烯,---,ppb
東勢站,01,"2,2-二甲基丁烷",---,ppb
東勢站,01,"2,3-二甲基丁烷",---,ppb
東勢站,01,2-甲基戊烷,---,ppb
東勢站,01,3-甲基戊烷,---,ppb
東勢站,01,異戊二烯,---,ppb
東勢站,01,正己烷,---,ppb
東勢站,01,甲基環戊烷,---,ppb
東勢站,01,"2,4-二甲基戊烷",---,ppb
東勢站,01,苯,---,ppb
東勢站,01,環己烷,---,ppb
東勢站,01,2-甲基己烷,---,ppb
東勢站,01,"2,3-二甲基戊烷",---,ppb
東勢站,01,3-甲基己烷,---,ppb
東勢站,01,"2,2,4-三甲基戊烷",---,ppb
東勢站,01,正庚烷,---,ppb
東勢站,01,甲基環己烷,---,ppb
東勢站,01,"2,3,4-三甲基戊烷",---,ppb
東勢站,01,甲苯,---,ppb
東勢站,01,2-甲基庚烷,---,ppb
東勢站,01,3-甲基庚烷,---,ppb
東勢站,01,正辛烷,---,ppb
東勢站,01,乙苯,---,ppb
東勢站,01,"間,對二甲苯",---,ppb
東勢站,01,苯乙烯,---,ppb
東勢站,01,鄰二甲苯,---,ppb
東勢站,01,正壬烷,---,ppb
東勢站,01,異丙基苯,---,ppb
東勢站,01,正丙基苯,---,ppb
東勢站,01,間-乙基甲苯,---,ppb
東勢站,01,對-乙基甲苯,---,ppb
東勢站,01,"1,3,5-三甲基苯",---,ppb
東勢站,01,鄰-乙基甲苯,---,ppb
東勢站,01,"1,2,4-三甲基苯",---,ppb
東勢站,01,葵烷,---,ppb
東勢站,01,"1,2,3-三甲基苯",---,ppb
東勢站,01,間-二乙基苯,---,ppb
東勢站,01,對-二乙基苯,---,ppbv
東勢站,01,正十一烷,---,ppbv
麥寮站,01,乙烷,---,ppb
麥寮站,01,乙烯,---,ppb
麥寮站,01,丙烷,---,ppb
麥寮站,01,丙烯,---,ppb
麥寮站,01,異丁烷,---,ppb
麥寮站,01,正丁烷,---,ppb
麥寮站,01,乙炔,---,ppb
麥寮站,01,反2-丁烯,---,ppb
麥寮站,01,1-丁烯,---,ppb
麥寮站,01,順2-丁烯,---,ppb
麥寮站,01,環戊烷,---,ppb
麥寮站,01,異戊烷,---,ppb
麥寮站,01,正戊烷,---,ppb
麥寮站,01,反2-戊烯,---,ppb
麥寮站,01,1-戊烯,---,ppb
麥寮站,01,順2-戊烯,---,ppb
麥寮站,01,"2,2-二甲基丁烷",---,ppb
麥寮站,01,"2,3-二甲基丁烷",---,ppb
麥寮站,01,2-甲基戊烷,---,ppb
麥寮站,01,3-甲基戊烷,---,ppb
麥寮站,01,異戊二烯,---,ppb
麥寮站,01,正己烷,---,ppb
麥寮站,01,甲基環戊烷,---,ppb
麥寮站,01,"2,4-二甲基戊烷",---,ppb
麥寮站,01,苯,---,ppb
麥寮站,01,環己烷,---,ppb
麥寮站,01,2-甲基己烷,---,ppb
麥寮站,01,"2,3-二甲基戊烷",---,ppb
麥寮站,01,3-甲基己烷,---,ppb
麥寮站,01,"2,2,4-三甲基戊烷",---,ppb
麥寮站,01,正庚烷,---,ppb
麥寮站,01,甲基環己烷,---,ppb
麥寮站,01,"2,3,4-三甲基戊烷",---,ppb
麥寮站,01,甲苯,---,ppb
麥寮站,01,2-甲基庚烷,---,ppb
麥寮站,01,3-甲基庚烷,---,ppb
麥寮站,01,正辛烷,---,ppb
麥寮站,01,乙苯,---,ppb
麥寮站,01,"間,對二甲苯",---,ppb
麥寮站,01,苯乙烯,---,ppb
麥寮站,01,鄰二甲苯,---,ppb
麥寮站,01,正壬烷,---,ppb
麥寮站,01,異丙基苯,---,ppb
麥寮站,01,正丙基苯,---,ppb
麥寮站,01,間-乙基甲苯,---,ppb
麥寮站,01,對-乙基甲苯,---,ppb
麥寮站,01,"1,3,5-三甲基苯",---,ppb
麥寮站,01,鄰-乙基甲苯,---,ppb
麥寮站,01,"1,2,4-三甲基苯",---,ppb
麥寮站,01,葵烷,---,ppb
麥寮站,01,"1,2,3-三甲基苯",---,ppb
麥寮站,01,間-二乙基苯,---,ppb
麥寮站,01,對-二乙基苯,---,ppbv
麥寮站,01,正十一烷,---,ppbv
台西站,01,乙烷,---,ppb
台西站,01,乙烯,---,ppb
台西站,01,丙烷,---,ppb
台西站,01,丙烯,---,ppb
台西站,01,異丁烷,---,ppb
台西站,01,正丁烷,---,ppb
台西站,01,乙炔,---,ppb
台西站,01,反2-丁烯,---,ppb
台西站,01,1-丁烯,---,ppb
台西站,01,順2-丁烯,---,ppb
台西站,01,環戊烷,---,ppb
台西站,01,異戊烷,---,ppb
台西站,01,正戊烷,---,ppb
台西站,01,反2-戊烯,---,ppb
台西站,01,1-戊烯,---,ppb
台西站,01,順2-戊烯,---,ppb
台西站,01,"2,2-二甲基丁烷",---,ppb
台西站,01,"2,3-二甲基丁烷",---,ppb
台西站,01,2-甲基戊烷,---,ppb
台西站,01,3-甲基戊烷,---,ppb
台西站,01,異戊二烯,---,ppb
台西站,01,正己烷,---,ppb
台西站,01,甲基環戊烷,---,ppb
台西站,01,"2,4-二甲基戊烷",---,ppb
台西站,01,苯,---,ppb
台西站,01,環己烷,---,ppb
台西站,01,2-甲基己烷,---,ppb
台西站,01,"2,3-二甲基戊烷",---,ppb
台西站,01,3-甲基己烷,---,ppb
台西站,01,"2,2,4-三甲基戊烷",---,ppb
台西站,01,正庚烷,---,ppb
台西站,01,甲基環己烷,---,ppb
台西站,01,"2,3,4-三甲基戊烷",---,ppb
台西站,01,甲苯,---,ppb
台西站,01,2-甲基庚烷,---,ppb
台西站,01,3-甲基庚烷,---,ppb
台西站,01,正辛烷,---,ppb
台西站,01,乙苯,---,ppb
台西站,01,"間,對二甲苯",---,ppb
台西站,01,苯乙烯,---,ppb
台西站,01,鄰二甲苯,---,ppb
台西站,01,正壬烷,---,ppb
台西站,01,異丙基苯,---,ppb
台西站,01,正丙基苯,---,ppb
台西站,01,間-乙基甲苯,---,ppb
台西站,01,對-乙基甲苯,---,ppb
台西站,01,"1,3,5-三甲基苯",---,ppb
台西站,01,鄰-乙基甲苯,---,ppb
台西站,01,"1,2,4-三甲基苯",---,ppb
台西站,01,葵烷,---,ppb
台西站,01,"1,2,3-三甲基苯",---,ppb
台西站,01,間-二乙基苯,---,ppb
台西站,01,對-二乙基苯,---,ppbv
台西站,01,正十一烷,---,ppbv
土庫站,01,乙烷,---,ppb
土庫站,01,乙烯,---,ppb
土庫站,01,丙烷,---,ppb
土庫站,01,丙烯,---,ppb
土庫站,01,異丁烷,---,ppb
土庫站,01,正丁烷,---,ppb
土庫站,01,乙炔,---,ppb
土庫站,01,反2-丁烯,---,ppb
土庫站,01,1-丁烯,---,ppb
土庫站,01,順2-丁烯,---,ppb
土庫站,01,環戊烷,---,ppb
土庫站,01,異戊烷,---,ppb
土庫站,01,正戊烷,---,ppb
土庫站,01,反2-戊烯,---,ppb
土庫站,01,1-戊烯,---,ppb
土庫站,01,順2-戊烯,---,ppb
土庫站,01,"2,2-二甲基丁烷",---,ppb
土庫站,01,"2,3-二甲基丁烷",---,ppb
土庫站,01,2-甲基戊烷,---,ppb
土庫站,01,3-甲基戊烷,---,ppb
土庫站,01,異戊二烯,---,ppb
土庫站,01,正己烷,---,ppb
土庫站,01,甲基環戊烷,---,ppb
土庫站,01,"2,4-二甲基戊烷",---,ppb
土庫站,01,苯,---,ppb
土庫站,01,環己烷,---,ppb
土庫站,01,2-甲基己烷,---,ppb
土庫站,01,"2,3-二甲基戊烷",---,ppb
土庫站,01,3-甲基己烷,---,ppb
土庫站,01,"2,2,4-三甲基戊烷",---,ppb
土庫站,01,正庚烷,---,ppb
土庫站,01,甲基環己烷,---,ppb
土庫站,01,"2,3,4-三甲基戊烷",---,ppb
土庫站,01,甲苯,---,ppb
土庫站,01,2-甲基庚烷,---,ppb
土庫站,01,3-甲基庚烷,---,ppb
土庫站,01,正辛烷,---,ppb
土庫站,01,乙苯,---,ppb
土庫站,01,"間,對二甲苯",---,ppb
土庫站,01,苯乙烯,---,ppb
土庫站,01,鄰二甲苯,---,ppb
土庫站,01,正壬烷,---,ppb
土庫站,01,異丙基苯,---,ppb
土庫站,01,正丙基苯,---,ppb
土庫站,01,間-乙基甲苯,---,ppb
土庫站,01,對-乙基甲苯,---,ppb
土庫站,01,"1,3,5-三甲基苯",---,ppb
土庫站,01,鄰-乙基甲苯,---,ppb
土庫站,01,"1,2,4-三甲基苯",---,ppb
土庫站,01,葵烷,---,ppb
土庫站,01,"1,2,3-三甲基苯",---,ppb
土庫站,01,間-二乙基苯,---,ppb
土庫站,01,對-二乙基苯,---,ppbv
土庫站,01,正十一烷,---,ppbv
西螺站,01,乙烷,---,ppb
西螺站,01,乙烯,---,ppb
西螺站,01,丙烷,---,ppb
西螺站,01,丙烯,---,ppb
西螺站,01,異丁烷,---,ppb
西螺站,01,正丁烷,---,ppb
西螺站,01,乙炔,---,ppb
西螺站,01,反2-丁烯,---,ppb
西螺站,01,1-丁烯,---,ppb
西螺站,01,順2-丁烯,---,ppb
西螺站,01,環戊烷,---,ppb
西螺站,01,異戊烷,---,ppb
西螺站,01,正戊烷,---,ppb
西螺站,01,反2-戊烯,---,ppb
西螺站,01,1-戊烯,---,ppb
西螺站,01,順2-戊烯,---,ppb
西螺站,01,"2,2-二甲基丁烷",---,ppb
西螺站,01,"2,3-二甲基丁烷",---,ppb
西螺站,01,2-甲基戊烷,---,ppb
西螺站,01,3-甲基戊烷,---,ppb
西螺站,01,異戊二烯,---,ppb
西螺站,01,正己烷,---,ppb
西螺站,01,甲基環戊烷,---,ppb
西螺站,01,"2,4-二甲基戊烷",---,ppb
西螺站,01,苯,---,ppb
西螺站,01,環己烷,---,ppb
西螺站,01,2-甲基己烷,---,ppb
西螺站,01,"2,3-二甲基戊烷",---,ppb
西螺站,01,3-甲基己烷,---,ppb
西螺站,01,"2,2,4-三甲基戊烷",---,ppb
西螺站,01,正庚烷,---,ppb
西螺站,01,甲基環己烷,---,ppb
西螺站,01,"2,3,4-三甲基戊烷",---,ppb
西螺站,01,甲苯,---,ppb
西螺站,01,2-甲基庚烷,---,ppb
西螺站,01,3-甲基庚烷,---,ppb
西螺站,01,正辛烷,---,ppb
西螺站,01,乙苯,---,ppb
西螺站,01,"間,對二甲苯",---,ppb
西螺站,01,苯乙烯,---,ppb
西螺站,01,鄰二甲苯,---,ppb
西螺站,01,正壬烷,---,ppb
西螺站,01,異丙基苯,---,ppb
西螺站,01,正丙基苯,---,ppb
西螺站,01,間-乙基甲苯,---,ppb
西螺站,01,對-乙基甲苯,---,ppb
西螺站,01,"1,3,5-三甲基苯",---,ppb
西螺站,01,鄰-乙基甲苯,---,ppb
西螺站,01,"1,2,4-三甲基苯",---,ppb
西螺站,01,葵烷,---,ppb
西螺站,01,"1,2,3-三甲基苯",---,ppb
西螺站,01,間-二乙基苯,---,ppb
西螺站,01,對-二乙基苯,---,ppbv
西螺站,01,正十一烷,---,ppbv
大城站,02,乙烷,2.48,ppb
大城站,02,乙烯,1.63,ppb
大城站,02,丙烷,1.48,ppb
大城站,02,丙烯,0.21,ppb
大城站,02,異丁烷,0.4,ppb
大城站,02,正丁烷,0.76,ppb
大城站,02,乙炔,0.82,ppb
大城站,02,反2-丁烯,0,ppb
大城站,02,1-丁烯,0.03,ppb
大城站,02,順2-丁烯,0,ppb
大城站,02,環戊烷,0.05,ppb
大城站,02,異戊烷,0.36,ppb
大城站,02,正戊烷,0.19,ppb
大城站,02,反2-戊烯,0,ppb
大城站,02,1-戊烯,0,ppb
大城站,02,順2-戊烯,0,ppb
大城站,02,"2,2-二甲基丁烷",0,ppb
大城站,02,"2,3-二甲基丁烷",0,ppb
大城站,02,2-甲基戊烷,0.07,ppb
大城站,02,3-甲基戊烷,0.06,ppb
大城站,02,異戊二烯,0,ppb
大城站,02,正己烷,0.21,ppb
大城站,02,甲基環戊烷,0,ppb
大城站,02,"2,4-二甲基戊烷",0,ppb
大城站,02,苯,0.2,ppb
大城站,02,環己烷,0.08,ppb
大城站,02,2-甲基己烷,0.03,ppb
大城站,02,"2,3-二甲基戊烷",0,ppb
大城站,02,3-甲基己烷,0.05,ppb
大城站,02,"2,2,4-三甲基戊烷",0.02,ppb
大城站,02,正庚烷,0.07,ppb
大城站,02,甲基環己烷,0.04,ppb
大城站,02,"2,3,4-三甲基戊烷",0.02,ppb
大城站,02,甲苯,1.27,ppb
大城站,02,2-甲基庚烷,0,ppb
大城站,02,3-甲基庚烷,0,ppb
大城站,02,正辛烷,0,ppb
大城站,02,乙苯,0.02,ppb
大城站,02,"間,對二甲苯",0.18,ppb
大城站,02,苯乙烯,0,ppb
大城站,02,鄰二甲苯,0.04,ppb
大城站,02,正壬烷,0,ppb
大城站,02,異丙基苯,0,ppb
大城站,02,正丙基苯,0,ppb
大城站,02,間-乙基甲苯,0,ppb
大城站,02,對-乙基甲苯,0,ppb
大城站,02,"1,3,5-三甲基苯",0,ppb
大城站,02,鄰-乙基甲苯,0,ppb
大城站,02,"1,2,4-三甲基苯",0,ppb
大城站,02,葵烷,0,ppb
大城站,02,"1,2,3-三甲基苯",0,ppb
大城站,02,間-二乙基苯,0,ppb
大城站,02,對-二乙基苯,0,ppbv
大城站,02,正十一烷,0,ppbv
東石站,02,乙烷,1.51,ppb
東石站,02,乙烯,0.55,ppb
東石站,02,丙烷,1.02,ppb
東石站,02,丙烯,0,ppb
東石站,02,異丁烷,0.4,ppb
東石站,02,正丁烷,0.74,ppb
東石站,02,乙炔,0,ppb
東石站,02,反2-丁烯,0,ppb
東石站,02,1-丁烯,0,ppb
東石站,02,順2-丁烯,0,ppb
東石站,02,環戊烷,0,ppb
東石站,02,異戊烷,0.27,ppb
東石站,02,正戊烷,0.14,ppb
東石站,02,反2-戊烯,0,ppb
東石站,02,1-戊烯,0,ppb
東石站,02,順2-戊烯,0,ppb
東石站,02,"2,2-二甲基丁烷",0.01,ppb
東石站,02,"2,3-二甲基丁烷",0,ppb
東石站,02,2-甲基戊烷,0.06,ppb
東石站,02,3-甲基戊烷,0.05,ppb
東石站,02,異戊二烯,0,ppb
東石站,02,正己烷,0.06,ppb
東石站,02,甲基環戊烷,0.17,ppb
東石站,02,"2,4-二甲基戊烷",0,ppb
東石站,02,苯,0.18,ppb
東石站,02,環己烷,0.04,ppb
東石站,02,2-甲基己烷,0.03,ppb
東石站,02,"2,3-二甲基戊烷",0,ppb
東石站,02,3-甲基己烷,0.03,ppb
東石站,02,"2,2,4-三甲基戊烷",0.02,ppb
東石站,02,正庚烷,0.03,ppb
東石站,02,甲基環己烷,0.02,ppb
東石站,02,"2,3,4-三甲基戊烷",0,ppb
東石站,02,甲苯,0.91,ppb
東石站,02,2-甲基庚烷,0,ppb
東石站,02,3-甲基庚烷,0,ppb
東石站,02,正辛烷,0,ppb
東石站,02,乙苯,0.05,ppb
東石站,02,"間,對二甲苯",0.1,ppb
東石站,02,苯乙烯,0,ppb
東石站,02,鄰二甲苯,0.05,ppb
東石站,02,正壬烷,0,ppb
東石站,02,異丙基苯,0,ppb
東石站,02,正丙基苯,0,ppb
東石站,02,間-乙基甲苯,0,ppb
東石站,02,對-乙基甲苯,0.01,ppb
東石站,02,"1,3,5-三甲基苯",0,ppb
東石站,02,鄰-乙基甲苯,0,ppb
東石站,02,"1,2,4-三甲基苯",0.04,ppb
東石站,02,葵烷,0,ppb
東石站,02,"1,2,3-三甲基苯",0.07,ppb
東石站,02,間-二乙基苯,0.01,ppb
東石站,02,對-二乙基苯,0,ppbv
東石站,02,正十一烷,0.01,ppbv
褒忠站,02,乙烷,1.25,ppb
褒忠站,02,乙烯,0.51,ppb
褒忠站,02,丙烷,0.82,ppb
褒忠站,02,丙烯,0.12,ppb
褒忠站,02,異丁烷,0.32,ppb
褒忠站,02,正丁烷,0.68,ppb
褒忠站,02,乙炔,0,ppb
褒忠站,02,反2-丁烯,0,ppb
褒忠站,02,1-丁烯,0.19,ppb
褒忠站,02,順2-丁烯,0.03,ppb
褒忠站,02,環戊烷,0.04,ppb
褒忠站,02,異戊烷,0.29,ppb
褒忠站,02,正戊烷,0.14,ppb
褒忠站,02,反2-戊烯,0,ppb
褒忠站,02,1-戊烯,0,ppb
褒忠站,02,順2-戊烯,0,ppb
褒忠站,02,"2,2-二甲基丁烷",0,ppb
褒忠站,02,"2,3-二甲基丁烷",0,ppb
褒忠站,02,2-甲基戊烷,0.05,ppb
褒忠站,02,3-甲基戊烷,0.04,ppb
褒忠站,02,異戊二烯,0,ppb
褒忠站,02,正己烷,0.08,ppb
褒忠站,02,甲基環戊烷,0.04,ppb
褒忠站,02,"2,4-二甲基戊烷",0,ppb
褒忠站,02,苯,0.16,ppb
褒忠站,02,環己烷,0.1,ppb
褒忠站,02,2-甲基己烷,0.04,ppb
褒忠站,02,"2,3-二甲基戊烷",0,ppb
褒忠站,02,3-甲基己烷,0.03,ppb
褒忠站,02,"2,2,4-三甲基戊烷",0.02,ppb
褒忠站,02,正庚烷,0.04,ppb
褒忠站,02,甲基環己烷,0.03,ppb
褒忠站,02,"2,3,4-三甲基戊烷",0,ppb
褒忠站,02,甲苯,0.92,ppb
褒忠站,02,2-甲基庚烷,0,ppb
褒忠站,02,3-甲基庚烷,0.05,ppb
褒忠站,02,正辛烷,0.01,ppb
褒忠站,02,乙苯,0.04,ppb
褒忠站,02,"間,對二甲苯",0.15,ppb
褒忠站,02,苯乙烯,0,ppb
褒忠站,02,鄰二甲苯,0.06,ppb
褒忠站,02,正壬烷,0,ppb
褒忠站,02,異丙基苯,0,ppb
褒忠站,02,正丙基苯,0,ppb
褒忠站,02,間-乙基甲苯,0,ppb
褒忠站,02,對-乙基甲苯,0.02,ppb
褒忠站,02,"1,3,5-三甲基苯",0,ppb
褒忠站,02,鄰-乙基甲苯,0,ppb
褒忠站,02,"1,2,4-三甲基苯",0.04,ppb
褒忠站,02,葵烷,0.01,ppb
褒忠站,02,"1,2,3-三甲基苯",0.04,ppb
褒忠站,02,間-二乙基苯,0,ppb
褒忠站,02,對-二乙基苯,0,ppbv
褒忠站,02,正十一烷,0.01,ppbv
崙背站,02,乙烷,1.75,ppb
崙背站,02,乙烯,0.73,ppb
崙背站,02,丙烷,0.96,ppb
崙背站,02,丙烯,0.15,ppb
崙背站,02,異丁烷,0.4,ppb
崙背站,02,正丁烷,0.82,ppb
崙背站,02,乙炔,0,ppb
崙背站,02,反2-丁烯,0,ppb
崙背站,02,1-丁烯,0,ppb
崙背站,02,順2-丁烯,0,ppb
崙背站,02,環戊烷,0.06,ppb
崙背站,02,異戊烷,0.41,ppb
崙背站,02,正戊烷,0.21,ppb
崙背站,02,反2-戊烯,0,ppb
崙背站,02,1-戊烯,0,ppb
崙背站,02,順2-戊烯,0,ppb
崙背站,02,"2,2-二甲基丁烷",0,ppb
崙背站,02,"2,3-二甲基丁烷",0,ppb
崙背站,02,2-甲基戊烷,0.07,ppb
崙背站,02,3-甲基戊烷,0.06,ppb
崙背站,02,異戊二烯,0,ppb
崙背站,02,正己烷,0.04,ppb
崙背站,02,甲基環戊烷,0,ppb
崙背站,02,"2,4-二甲基戊烷",0,ppb
崙背站,02,苯,0.06,ppb
崙背站,02,環己烷,0.14,ppb
崙背站,02,2-甲基己烷,0,ppb
崙背站,02,"2,3-二甲基戊烷",0,ppb
崙背站,02,3-甲基己烷,0,ppb
崙背站,02,"2,2,4-三甲基戊烷",0,ppb
崙背站,02,正庚烷,0,ppb
崙背站,02,甲基環己烷,0.02,ppb
崙背站,02,"2,3,4-三甲基戊烷",0,ppb
崙背站,02,甲苯,0.99,ppb
崙背站,02,2-甲基庚烷,0,ppb
崙背站,02,3-甲基庚烷,0,ppb
崙背站,02,正辛烷,0.01,ppb
崙背站,02,乙苯,0.05,ppb
崙背站,02,"間,對二甲苯",0.21,ppb
崙背站,02,苯乙烯,0,ppb
崙背站,02,鄰二甲苯,0.06,ppb
崙背站,02,正壬烷,0,ppb
崙背站,02,異丙基苯,0,ppb
崙背站,02,正丙基苯,0,ppb
崙背站,02,間-乙基甲苯,0.02,ppb
崙背站,02,對-乙基甲苯,0,ppb
崙背站,02,"1,3,5-三甲基苯",0,ppb
崙背站,02,鄰-乙基甲苯,0,ppb
崙背站,02,"1,2,4-三甲基苯",0.05,ppb
崙背站,02,葵烷,0,ppb
崙背站,02,"1,2,3-三甲基苯",0.05,ppb
崙背站,02,間-二乙基苯,0,ppb
崙背站,02,對-二乙基苯,0,ppbv
崙背站,02,正十一烷,0.02,ppbv
四湖站,02,乙烷,1.59,ppb
四湖站,02,乙烯,0.91,ppb
四湖站,02,丙烷,0.99,ppb
四湖站,02,丙烯,0.14,ppb
四湖站,02,異丁烷,0.43,ppb
四湖站,02,正丁烷,0.84,ppb
四湖站,02,乙炔,0.46,ppb
四湖站,02,反2-丁烯,0.02,ppb
四湖站,02,1-丁烯,0.19,ppb
四湖站,02,順2-丁烯,0,ppb
四湖站,02,環戊烷,0,ppb
四湖站,02,異戊烷,0.36,ppb
四湖站,02,正戊烷,0.17,ppb
四湖站,02,反2-戊烯,0,ppb
四湖站,02,1-戊烯,0,ppb
四湖站,02,順2-戊烯,0,ppb
四湖站,02,"2,2-二甲基丁烷",0,ppb
四湖站,02,"2,3-二甲基丁烷",0.02,ppb
四湖站,02,2-甲基戊烷,0.06,ppb
四湖站,02,3-甲基戊烷,0.06,ppb
四湖站,02,異戊二烯,0,ppb
四湖站,02,正己烷,0.12,ppb
四湖站,02,甲基環戊烷,0.13,ppb
四湖站,02,"2,4-二甲基戊烷",0,ppb
四湖站,02,苯,0.29,ppb
四湖站,02,環己烷,0.04,ppb
四湖站,02,2-甲基己烷,0.03,ppb
四湖站,02,"2,3-二甲基戊烷",0,ppb
四湖站,02,3-甲基己烷,0.05,ppb
四湖站,02,"2,2,4-三甲基戊烷",0.07,ppb
四湖站,02,正庚烷,0.06,ppb
四湖站,02,甲基環己烷,0.03,ppb
四湖站,02,"2,3,4-三甲基戊烷",0.01,ppb
四湖站,02,甲苯,1.02,ppb
四湖站,02,2-甲基庚烷,0.01,ppb
四湖站,02,3-甲基庚烷,0,ppb
四湖站,02,正辛烷,0.02,ppb
四湖站,02,乙苯,0.08,ppb
四湖站,02,"間,對二甲苯",0.18,ppb
四湖站,02,苯乙烯,0.04,ppb
四湖站,02,鄰二甲苯,0.09,ppb
四湖站,02,正壬烷,0.01,ppb
四湖站,02,異丙基苯,0.02,ppb
四湖站,02,正丙基苯,0.03,ppb
四湖站,02,間-乙基甲苯,0.03,ppb
四湖站,02,對-乙基甲苯,0.03,ppb
四湖站,02,"1,3,5-三甲基苯",0,ppb
四湖站,02,鄰-乙基甲苯,0.02,ppb
四湖站,02,"1,2,4-三甲基苯",0.07,ppb
四湖站,02,葵烷,0.02,ppb
四湖站,02,"1,2,3-三甲基苯",0.14,ppb
四湖站,02,間-二乙基苯,0.02,ppb
四湖站,02,對-二乙基苯,0.03,ppbv
四湖站,02,正十一烷,0.03,ppbv
東勢站,02,乙烷,2.01,ppb
東勢站,02,乙烯,0.86,ppb
東勢站,02,丙烷,1.52,ppb
東勢站,02,丙烯,0,ppb
東勢站,02,異丁烷,0,ppb
東勢站,02,正丁烷,1.17,ppb
東勢站,02,乙炔,0,ppb
東勢站,02,反2-丁烯,0,ppb
東勢站,02,1-丁烯,0.05,ppb
東勢站,02,順2-丁烯,0.16,ppb
東勢站,02,環戊烷,0.03,ppb
東勢站,02,異戊烷,0.04,ppb
東勢站,02,正戊烷,0,ppb
東勢站,02,反2-戊烯,0,ppb
東勢站,02,1-戊烯,0,ppb
東勢站,02,順2-戊烯,0,ppb
東勢站,02,"2,2-二甲基丁烷",0,ppb
東勢站,02,"2,3-二甲基丁烷",0.02,ppb
東勢站,02,2-甲基戊烷,0.08,ppb
東勢站,02,3-甲基戊烷,0.08,ppb
東勢站,02,異戊二烯,0,ppb
東勢站,02,正己烷,0.08,ppb
東勢站,02,甲基環戊烷,0.03,ppb
東勢站,02,"2,4-二甲基戊烷",0,ppb
東勢站,02,苯,0.16,ppb
東勢站,02,環己烷,0.08,ppb
東勢站,02,2-甲基己烷,0.03,ppb
東勢站,02,"2,3-二甲基戊烷",0,ppb
東勢站,02,3-甲基己烷,0.04,ppb
東勢站,02,"2,2,4-三甲基戊烷",0.03,ppb
東勢站,02,正庚烷,0.03,ppb
東勢站,02,甲基環己烷,0.04,ppb
東勢站,02,"2,3,4-三甲基戊烷",0.02,ppb
東勢站,02,甲苯,1.35,ppb
東勢站,02,2-甲基庚烷,0,ppb
東勢站,02,3-甲基庚烷,0,ppb
東勢站,02,正辛烷,0,ppb
東勢站,02,乙苯,0.07,ppb
東勢站,02,"間,對二甲苯",0.24,ppb
東勢站,02,苯乙烯,0,ppb
東勢站,02,鄰二甲苯,0.01,ppb
東勢站,02,正壬烷,0,ppb
東勢站,02,異丙基苯,0,ppb
東勢站,02,正丙基苯,0,ppb
東勢站,02,間-乙基甲苯,0,ppb
東勢站,02,對-乙基甲苯,0,ppb
東勢站,02,"1,3,5-三甲基苯",0,ppb
東勢站,02,鄰-乙基甲苯,0,ppb
東勢站,02,"1,2,4-三甲基苯",0,ppb
東勢站,02,葵烷,0,ppb
東勢站,02,"1,2,3-三甲基苯",0,ppb
東勢站,02,間-二乙基苯,0,ppb
東勢站,02,對-二乙基苯,0,ppbv
東勢站,02,正十一烷,0,ppbv
麥寮站,02,乙烷,1.74,ppb
麥寮站,02,乙烯,1.04,ppb
麥寮站,02,丙烷,1.07,ppb
麥寮站,02,丙烯,0.12,ppb
麥寮站,02,異丁烷,0.42,ppb
麥寮站,02,正丁烷,0.79,ppb
麥寮站,02,乙炔,0.47,ppb
麥寮站,02,反2-丁烯,0,ppb
麥寮站,02,1-丁烯,0.08,ppb
麥寮站,02,順2-丁烯,0,ppb
麥寮站,02,環戊烷,0.05,ppb
麥寮站,02,異戊烷,0.37,ppb
麥寮站,02,正戊烷,0.18,ppb
麥寮站,02,反2-戊烯,0,ppb
麥寮站,02,1-戊烯,0,ppb
麥寮站,02,順2-戊烯,0,ppb
麥寮站,02,"2,2-二甲基丁烷",0,ppb
麥寮站,02,"2,3-二甲基丁烷",0,ppb
麥寮站,02,2-甲基戊烷,0.07,ppb
麥寮站,02,3-甲基戊烷,0.06,ppb
麥寮站,02,異戊二烯,0,ppb
麥寮站,02,正己烷,0.15,ppb
麥寮站,02,甲基環戊烷,0.06,ppb
麥寮站,02,"2,4-二甲基戊烷",0,ppb
麥寮站,02,苯,0.18,ppb
麥寮站,02,環己烷,0,ppb
麥寮站,02,2-甲基己烷,0,ppb
麥寮站,02,"2,3-二甲基戊烷",0,ppb
麥寮站,02,3-甲基己烷,0.04,ppb
麥寮站,02,"2,2,4-三甲基戊烷",0,ppb
麥寮站,02,正庚烷,0.04,ppb
麥寮站,02,甲基環己烷,0.04,ppb
麥寮站,02,"2,3,4-三甲基戊烷",0,ppb
麥寮站,02,甲苯,1.19,ppb
麥寮站,02,2-甲基庚烷,0,ppb
麥寮站,02,3-甲基庚烷,0,ppb
麥寮站,02,正辛烷,0,ppb
麥寮站,02,乙苯,0.07,ppb
麥寮站,02,"間,對二甲苯",0.24,ppb
麥寮站,02,苯乙烯,0,ppb
麥寮站,02,鄰二甲苯,0.09,ppb
麥寮站,02,正壬烷,0,ppb
麥寮站,02,異丙基苯,0,ppb
麥寮站,02,正丙基苯,0,ppb
麥寮站,02,間-乙基甲苯,0.02,ppb
麥寮站,02,對-乙基甲苯,0,ppb
麥寮站,02,"1,3,5-三甲基苯",0,ppb
麥寮站,02,鄰-乙基甲苯,0,ppb
麥寮站,02,"1,2,4-三甲基苯",0.05,ppb
麥寮站,02,葵烷,0.01,ppb
麥寮站,02,"1,2,3-三甲基苯",0.03,ppb
麥寮站,02,間-二乙基苯,0,ppb
麥寮站,02,對-二乙基苯,0,ppbv
麥寮站,02,正十一烷,0.01,ppbv
台西站,02,乙烷,---,ppb
台西站,02,乙烯,---,ppb
台西站,02,丙烷,---,ppb
台西站,02,丙烯,---,ppb
台西站,02,異丁烷,---,ppb
台西站,02,正丁烷,---,ppb
台西站,02,乙炔,---,ppb
台西站,02,反2-丁烯,---,ppb
台西站,02,1-丁烯,---,ppb
台西站,02,順2-丁烯,---,ppb
台西站,02,環戊烷,---,ppb
台西站,02,異戊烷,---,ppb
台西站,02,正戊烷,---,ppb
台西站,02,反2-戊烯,---,ppb
台西站,02,1-戊烯,---,ppb
台西站,02,順2-戊烯,---,ppb
台西站,02,"2,2-二甲基丁烷",---,ppb
台西站,02,"2,3-二甲基丁烷",---,ppb
台西站,02,2-甲基戊烷,---,ppb
台西站,02,3-甲基戊烷,---,ppb
台西站,02,異戊二烯,---,ppb
台西站,02,正己烷,---,ppb
台西站,02,甲基環戊烷,---,ppb
台西站,02,"2,4-二甲基戊烷",---,ppb
台西站,02,苯,---,ppb
台西站,02,環己烷,---,ppb
台西站,02,2-甲基己烷,---,ppb
台西站,02,"2,3-二甲基戊烷",---,ppb
台西站,02,3-甲基己烷,---,ppb
台西站,02,"2,2,4-三甲基戊烷",---,ppb
台西站,02,正庚烷,---,ppb
台西站,02,甲基環己烷,---,ppb
台西站,02,"2,3,4-三甲基戊烷",---,ppb
台西站,02,甲苯,---,ppb
台西站,02,2-甲基庚烷,---,ppb
台西站,02,3-甲基庚烷,---,ppb
台西站,02,正辛烷,---,ppb
台西站,02,乙苯,---,ppb
台西站,02,"間,對二甲苯",---,ppb
台西站,02,苯乙烯,---,ppb
台西站,02,鄰二甲苯,---,ppb
台西站,02,正壬烷,---,ppb
台西站,02,異丙基苯,---,ppb
台西站,02,正丙基苯,---,ppb
台西站,02,間-乙基甲苯,---,ppb
台西站,02,對-乙基甲苯,---,ppb
台西站,02,"1,3,5-三甲基苯",---,ppb
台西站,02,鄰-乙基甲苯,---,ppb
台西站,02,"1,2,4-三甲基苯",---,ppb
台西站,02,葵烷,---,ppb
台西站,02,"1,2,3-三甲基苯",---,ppb
台西站,02,間-二乙基苯,---,ppb
台西站,02,對-二乙基苯,---,ppbv
台西站,02,正十一烷,---,ppbv
土庫站,02,乙烷,1.97,ppb
土庫站,02,乙烯,0.84,ppb
土庫站,02,丙烷,1.23,ppb
土庫站,02,丙烯,0.16,ppb
土庫站,02,異丁烷,0.56,ppb
土庫站,02,正丁烷,1.11,ppb
土庫站,02,乙炔,0.48,ppb
土庫站,02,反2-丁烯,0.03,ppb
土庫站,02,1-丁烯,0.07,ppb
土庫站,02,順2-丁烯,0.02,ppb
土庫站,02,環戊烷,0.04,ppb
土庫站,02,異戊烷,0.44,ppb
土庫站,02,正戊烷,0.21,ppb
土庫站,02,反2-戊烯,0,ppb
土庫站,02,1-戊烯,0,ppb
土庫站,02,順2-戊烯,0,ppb
土庫站,02,"2,2-二甲基丁烷",0.03,ppb
土庫站,02,"2,3-二甲基丁烷",0.04,ppb
土庫站,02,2-甲基戊烷,0.14,ppb
土庫站,02,3-甲基戊烷,0.11,ppb
土庫站,02,異戊二烯,0,ppb
土庫站,02,正己烷,0.16,ppb
土庫站,02,甲基環戊烷,0.09,ppb
土庫站,02,"2,4-二甲基戊烷",0,ppb
土庫站,02,苯,0.34,ppb
土庫站,02,環己烷,0.08,ppb
土庫站,02,2-甲基己烷,0.05,ppb
土庫站,02,"2,3-二甲基戊烷",0,ppb
土庫站,02,3-甲基己烷,0.06,ppb
土庫站,02,"2,2,4-三甲基戊烷",0.04,ppb
土庫站,02,正庚烷,0.06,ppb
土庫站,02,甲基環己烷,0.04,ppb
土庫站,02,"2,3,4-三甲基戊烷",0.02,ppb
土庫站,02,甲苯,1.76,ppb
土庫站,02,2-甲基庚烷,0.01,ppb
土庫站,02,3-甲基庚烷,0.01,ppb
土庫站,02,正辛烷,0.02,ppb
土庫站,02,乙苯,0.09,ppb
土庫站,02,"間,對二甲苯",0.3,ppb
土庫站,02,苯乙烯,0.02,ppb
土庫站,02,鄰二甲苯,0.09,ppb
土庫站,02,正壬烷,0.02,ppb
土庫站,02,異丙基苯,0,ppb
土庫站,02,正丙基苯,0,ppb
土庫站,02,間-乙基甲苯,0.04,ppb
土庫站,02,對-乙基甲苯,0.02,ppb
土庫站,02,"1,3,5-三甲基苯",0.02,ppb
土庫站,02,鄰-乙基甲苯,0.02,ppb
土庫站,02,"1,2,4-三甲基苯",0.08,ppb
土庫站,02,葵烷,0.01,ppb
土庫站,02,"1,2,3-三甲基苯",0.06,ppb
土庫站,02,間-二乙基苯,0.01,ppb
土庫站,02,對-二乙基苯,0,ppbv
土庫站,02,正十一烷,0.01,ppbv
西螺站,02,乙烷,2.68,ppb
西螺站,02,乙烯,1.07,ppb
西螺站,02,丙烷,2.29,ppb
西螺站,02,丙烯,0,ppb
西螺站,02,異丁烷,0.89,ppb
西螺站,02,正丁烷,2,ppb
西螺站,02,乙炔,0,ppb
西螺站,02,反2-丁烯,0.06,ppb
西螺站,02,1-丁烯,0,ppb
西螺站,02,順2-丁烯,0,ppb
西螺站,02,環戊烷,0.15,ppb
西螺站,02,異戊烷,0.67,ppb
西螺站,02,正戊烷,0.27,ppb
西螺站,02,反2-戊烯,0.04,ppb
西螺站,02,1-戊烯,0.03,ppb
西螺站,02,順2-戊烯,0.04,ppb
西螺站,02,"2,2-二甲基丁烷",0,ppb
西螺站,02,"2,3-二甲基丁烷",0.05,ppb
西螺站,02,2-甲基戊烷,0.2,ppb
西螺站,02,3-甲基戊烷,0.14,ppb
西螺站,02,異戊二烯,0.03,ppb
西螺站,02,正己烷,0.19,ppb
西螺站,02,甲基環戊烷,0.18,ppb
西螺站,02,"2,4-二甲基戊烷",0,ppb
西螺站,02,苯,0.18,ppb
西螺站,02,環己烷,0.08,ppb
西螺站,02,2-甲基己烷,0.04,ppb
西螺站,02,"2,3-二甲基戊烷",0,ppb
西螺站,02,3-甲基己烷,0.08,ppb
西螺站,02,"2,2,4-三甲基戊烷",0.08,ppb
西螺站,02,正庚烷,0.06,ppb
西螺站,02,甲基環己烷,0.05,ppb
西螺站,02,"2,3,4-三甲基戊烷",0.03,ppb
西螺站,02,甲苯,2.85,ppb
西螺站,02,2-甲基庚烷,0,ppb
西螺站,02,3-甲基庚烷,0.05,ppb
西螺站,02,正辛烷,0.03,ppb
西螺站,02,乙苯,0.13,ppb
西螺站,02,"間,對二甲苯",0.34,ppb
西螺站,02,苯乙烯,0,ppb
西螺站,02,鄰二甲苯,0.13,ppb
西螺站,02,正壬烷,0.02,ppb
西螺站,02,異丙基苯,0.01,ppb
西螺站,02,正丙基苯,0.02,ppb
西螺站,02,間-乙基甲苯,0.03,ppb
西螺站,02,對-乙基甲苯,0,ppb
西螺站,02,"1,3,5-三甲基苯",0.02,ppb
西螺站,02,鄰-乙基甲苯,0.02,ppb
西螺站,02,"1,2,4-三甲基苯",0.09,ppb
西螺站,02,葵烷,0.03,ppb
西螺站,02,"1,2,3-三甲基苯",0.09,ppb
西螺站,02,間-二乙基苯,0.01,ppb
西螺站,02,對-二乙基苯,0.02,ppbv
西螺站,02,正十一烷,0.02,ppbv
大城站,03,乙烷,2.04,ppb
大城站,03,乙烯,1.15,ppb
大城站,03,丙烷,1.13,ppb
大城站,03,丙烯,0.15,ppb
大城站,03,異丁烷,0.37,ppb
大城站,03,正丁烷,0.62,ppb
大城站,03,乙炔,0.59,ppb
大城站,03,反2-丁烯,0,ppb
大城站,03,1-丁烯,0,ppb
大城站,03,順2-丁烯,0,ppb
大城站,03,環戊烷,0,ppb
大城站,03,異戊烷,0.26,ppb
大城站,03,正戊烷,0.13,ppb
大城站,03,反2-戊烯,0,ppb
大城站,03,1-戊烯,0,ppb
大城站,03,順2-戊烯,0,ppb
大城站,03,"2,2-二甲基丁烷",0,ppb
大城站,03,"2,3-二甲基丁烷",0,ppb
大城站,03,2-甲基戊烷,0.05,ppb
大城站,03,3-甲基戊烷,0.05,ppb
大城站,03,異戊二烯,0,ppb
大城站,03,正己烷,0.1,ppb
大城站,03,甲基環戊烷,0.02,ppb
大城站,03,"2,4-二甲基戊烷",0,ppb
大城站,03,苯,0.14,ppb
大城站,03,環己烷,0,ppb
大城站,03,2-甲基己烷,0,ppb
大城站,03,"2,3-二甲基戊烷",0,ppb
大城站,03,3-甲基己烷,0,ppb
大城站,03,"2,2,4-三甲基戊烷",0.02,ppb
大城站,03,正庚烷,0.04,ppb
大城站,03,甲基環己烷,0.03,ppb
大城站,03,"2,3,4-三甲基戊烷",0,ppb
大城站,03,甲苯,0.81,ppb
大城站,03,2-甲基庚烷,0,ppb
大城站,03,3-甲基庚烷,0,ppb
大城站,03,正辛烷,0,ppb
大城站,03,乙苯,0.02,ppb
大城站,03,"間,對二甲苯",0.07,ppb
大城站,03,苯乙烯,0,ppb
大城站,03,鄰二甲苯,0,ppb
大城站,03,正壬烷,0,ppb
大城站,03,異丙基苯,0,ppb
大城站,03,正丙基苯,0,ppb
大城站,03,間-乙基甲苯,0,ppb
大城站,03,對-乙基甲苯,0,ppb
大城站,03,"1,3,5-三甲基苯",0,ppb
大城站,03,鄰-乙基甲苯,0,ppb
大城站,03,"1,2,4-三甲基苯",0,ppb
大城站,03,葵烷,0,ppb
大城站,03,"1,2,3-三甲基苯",0,ppb
大城站,03,間-二乙基苯,0,ppb
大城站,03,對-二乙基苯,0,ppbv
大城站,03,正十一烷,0,ppbv
東石站,03,乙烷,1.97,ppb
東石站,03,乙烯,1.27,ppb
東石站,03,丙烷,1.2,ppb
東石站,03,丙烯,0.38,ppb
東石站,03,異丁烷,0.48,ppb
東石站,03,正丁烷,0.86,ppb
東石站,03,乙炔,0.34,ppb
東石站,03,反2-丁烯,0,ppb
東石站,03,1-丁烯,0.13,ppb
東石站,03,順2-丁烯,0,ppb
東石站,03,環戊烷,0,ppb
東石站,03,異戊烷,0.4,ppb
東石站,03,正戊烷,0.22,ppb
東石站,03,反2-戊烯,0,ppb
東石站,03,1-戊烯,0,ppb
東石站,03,順2-戊烯,0,ppb
東石站,03,"2,2-二甲基丁烷",0,ppb
東石站,03,"2,3-二甲基丁烷",0,ppb
東石站,03,2-甲基戊烷,0.07,ppb
東石站,03,3-甲基戊烷,0,ppb
東石站,03,異戊二烯,0,ppb
東石站,03,正己烷,0.14,ppb
東石站,03,甲基環戊烷,0.11,ppb
東石站,03,"2,4-二甲基戊烷",0,ppb
東石站,03,苯,0.28,ppb
東石站,03,環己烷,0.05,ppb
東石站,03,2-甲基己烷,0.05,ppb
東石站,03,"2,3-二甲基戊烷",0,ppb
東石站,03,3-甲基己烷,0.05,ppb
東石站,03,"2,2,4-三甲基戊烷",0,ppb
東石站,03,正庚烷,0.05,ppb
東石站,03,甲基環己烷,0.04,ppb
東石站,03,"2,3,4-三甲基戊烷",0,ppb
東石站,03,甲苯,1,ppb
東石站,03,2-甲基庚烷,0,ppb
東石站,03,3-甲基庚烷,0,ppb
東石站,03,正辛烷,0.02,ppb
東石站,03,乙苯,0.08,ppb
東石站,03,"間,對二甲苯",0.15,ppb
東石站,03,苯乙烯,0,ppb
東石站,03,鄰二甲苯,0.08,ppb
東石站,03,正壬烷,0,ppb
東石站,03,異丙基苯,0,ppb
東石站,03,正丙基苯,0.02,ppb
東石站,03,間-乙基甲苯,0.02,ppb
東石站,03,對-乙基甲苯,0,ppb
東石站,03,"1,3,5-三甲基苯",0.01,ppb
東石站,03,鄰-乙基甲苯,0,ppb
東石站,03,"1,2,4-三甲基苯",0.04,ppb
東石站,03,葵烷,0.01,ppb
東石站,03,"1,2,3-三甲基苯",0.06,ppb
東石站,03,間-二乙基苯,0,ppb
東石站,03,對-二乙基苯,0,ppbv
東石站,03,正十一烷,0,ppbv
褒忠站,03,乙烷,1.65,ppb
褒忠站,03,乙烯,0.82,ppb
褒忠站,03,丙烷,1.12,ppb
褒忠站,03,丙烯,0.16,ppb
褒忠站,03,異丁烷,0.42,ppb
褒忠站,03,正丁烷,0.82,ppb
褒忠站,03,乙炔,0.16,ppb
褒忠站,03,反2-丁烯,0,ppb
褒忠站,03,1-丁烯,0.25,ppb
褒忠站,03,順2-丁烯,0,ppb
褒忠站,03,環戊烷,0.04,ppb
褒忠站,03,異戊烷,0.35,ppb
褒忠站,03,正戊烷,0.17,ppb
褒忠站,03,反2-戊烯,0,ppb
褒忠站,03,1-戊烯,0,ppb
褒忠站,03,順2-戊烯,0,ppb
褒忠站,03,"2,2-二甲基丁烷",0,ppb
褒忠站,03,"2,3-二甲基丁烷",0,ppb
褒忠站,03,2-甲基戊烷,0,ppb
褒忠站,03,3-甲基戊烷,0,ppb
褒忠站,03,異戊二烯,0,ppb
褒忠站,03,正己烷,0.11,ppb
褒忠站,03,甲基環戊烷,0.04,ppb
褒忠站,03,"2,4-二甲基戊烷",0,ppb
褒忠站,03,苯,0.13,ppb
褒忠站,03,環己烷,0.11,ppb
褒忠站,03,2-甲基己烷,0.04,ppb
褒忠站,03,"2,3-二甲基戊烷",0,ppb
褒忠站,03,3-甲基己烷,0.03,ppb
褒忠站,03,"2,2,4-三甲基戊烷",0.03,ppb
褒忠站,03,正庚烷,0.04,ppb
褒忠站,03,甲基環己烷,0.03,ppb
褒忠站,03,"2,3,4-三甲基戊烷",0,ppb
褒忠站,03,甲苯,1.04,ppb
褒忠站,03,2-甲基庚烷,0,ppb
褒忠站,03,3-甲基庚烷,0,ppb
褒忠站,03,正辛烷,0.01,ppb
褒忠站,03,乙苯,0.06,ppb
褒忠站,03,"間,對二甲苯",0.13,ppb
褒忠站,03,苯乙烯,0,ppb
褒忠站,03,鄰二甲苯,0.06,ppb
褒忠站,03,正壬烷,0,ppb
褒忠站,03,異丙基苯,0,ppb
褒忠站,03,正丙基苯,0,ppb
褒忠站,03,間-乙基甲苯,0,ppb
褒忠站,03,對-乙基甲苯,0.02,ppb
褒忠站,03,"1,3,5-三甲基苯",0,ppb
褒忠站,03,鄰-乙基甲苯,0,ppb
褒忠站,03,"1,2,4-三甲基苯",0,ppb
褒忠站,03,葵烷,0.01,ppb
褒忠站,03,"1,2,3-三甲基苯",0.03,ppb
褒忠站,03,間-二乙基苯,0,ppb
褒忠站,03,對-二乙基苯,0,ppbv
褒忠站,03,正十一烷,0.02,ppbv
崙背站,03,乙烷,2.07,ppb
崙背站,03,乙烯,0.98,ppb
崙背站,03,丙烷,1.18,ppb
崙背站,03,丙烯,0.17,ppb
崙背站,03,異丁烷,0.38,ppb
崙背站,03,正丁烷,0.8,ppb
崙背站,03,乙炔,0.43,ppb
崙背站,03,反2-丁烯,0,ppb
崙背站,03,1-丁烯,0.06,ppb
崙背站,03,順2-丁烯,0,ppb
崙背站,03,環戊烷,0.04,ppb
崙背站,03,異戊烷,0.39,ppb
崙背站,03,正戊烷,0.2,ppb
崙背站,03,反2-戊烯,0,ppb
崙背站,03,1-戊烯,0,ppb
崙背站,03,順2-戊烯,0,ppb
崙背站,03,"2,2-二甲基丁烷",0,ppb
崙背站,03,"2,3-二甲基丁烷",0,ppb
崙背站,03,2-甲基戊烷,0.08,ppb
崙背站,03,3-甲基戊烷,0.07,ppb
崙背站,03,異戊二烯,0,ppb
崙背站,03,正己烷,0,ppb
崙背站,03,甲基環戊烷,0,ppb
崙背站,03,"2,4-二甲基戊烷",0,ppb
崙背站,03,苯,0.05,ppb
崙背站,03,環己烷,0,ppb
崙背站,03,2-甲基己烷,0,ppb
崙背站,03,"2,3-二甲基戊烷",0,ppb
崙背站,03,3-甲基己烷,0,ppb
崙背站,03,"2,2,4-三甲基戊烷",0,ppb
崙背站,03,正庚烷,0,ppb
崙背站,03,甲基環己烷,0,ppb
崙背站,03,"2,3,4-三甲基戊烷",0,ppb
崙背站,03,甲苯,0.93,ppb
崙背站,03,2-甲基庚烷,0,ppb
崙背站,03,3-甲基庚烷,0,ppb
崙背站,03,正辛烷,0,ppb
崙背站,03,乙苯,0.05,ppb
崙背站,03,"間,對二甲苯",0.2,ppb
崙背站,03,苯乙烯,0,ppb
崙背站,03,鄰二甲苯,0.07,ppb
崙背站,03,正壬烷,0,ppb
崙背站,03,異丙基苯,0,ppb
崙背站,03,正丙基苯,0,ppb
崙背站,03,間-乙基甲苯,0.02,ppb
崙背站,03,對-乙基甲苯,0,ppb
崙背站,03,"1,3,5-三甲基苯",0.01,ppb
崙背站,03,鄰-乙基甲苯,0,ppb
崙背站,03,"1,2,4-三甲基苯",0.06,ppb
崙背站,03,葵烷,0.01,ppb
崙背站,03,"1,2,3-三甲基苯",0.03,ppb
崙背站,03,間-二乙基苯,0,ppb
崙背站,03,對-二乙基苯,0,ppbv
崙背站,03,正十一烷,0.01,ppbv
四湖站,03,乙烷,1.75,ppb
四湖站,03,乙烯,2.19,ppb
四湖站,03,丙烷,1.24,ppb
四湖站,03,丙烯,0.72,ppb
四湖站,03,異丁烷,0.57,ppb
四湖站,03,正丁烷,1.16,ppb
四湖站,03,乙炔,0.47,ppb
四湖站,03,反2-丁烯,0.06,ppb
四湖站,03,1-丁烯,0.25,ppb
四湖站,03,順2-丁烯,0.06,ppb
四湖站,03,環戊烷,0,ppb
四湖站,03,異戊烷,0.64,ppb
四湖站,03,正戊烷,0.46,ppb
四湖站,03,反2-戊烯,0.03,ppb
四湖站,03,1-戊烯,0,ppb
四湖站,03,順2-戊烯,0,ppb
四湖站,03,"2,2-二甲基丁烷",0.02,ppb
四湖站,03,"2,3-二甲基丁烷",0.03,ppb
四湖站,03,2-甲基戊烷,0.1,ppb
四湖站,03,3-甲基戊烷,0.1,ppb
四湖站,03,異戊二烯,0,ppb
四湖站,03,正己烷,0.27,ppb
四湖站,03,甲基環戊烷,0.16,ppb
四湖站,03,"2,4-二甲基戊烷",0,ppb
四湖站,03,苯,0.3,ppb
四湖站,03,環己烷,0.06,ppb
四湖站,03,2-甲基己烷,0.05,ppb
四湖站,03,"2,3-二甲基戊烷",0,ppb
四湖站,03,3-甲基己烷,0.05,ppb
四湖站,03,"2,2,4-三甲基戊烷",0.03,ppb
四湖站,03,正庚烷,0.1,ppb
四湖站,03,甲基環己烷,0.04,ppb
四湖站,03,"2,3,4-三甲基戊烷",0,ppb
四湖站,03,甲苯,0.86,ppb
四湖站,03,2-甲基庚烷,0.02,ppb
四湖站,03,3-甲基庚烷,0,ppb
四湖站,03,正辛烷,0.04,ppb
四湖站,03,乙苯,0.08,ppb
四湖站,03,"間,對二甲苯",0.17,ppb
四湖站,03,苯乙烯,0.04,ppb
四湖站,03,鄰二甲苯,0.08,ppb
四湖站,03,正壬烷,0.02,ppb
四湖站,03,異丙基苯,0,ppb
四湖站,03,正丙基苯,0,ppb
四湖站,03,間-乙基甲苯,0.03,ppb
四湖站,03,對-乙基甲苯,0.02,ppb
四湖站,03,"1,3,5-三甲基苯",0,ppb
四湖站,03,鄰-乙基甲苯,0.01,ppb
四湖站,03,"1,2,4-三甲基苯",0.06,ppb
四湖站,03,葵烷,0.02,ppb
四湖站,03,"1,2,3-三甲基苯",0.07,ppb
四湖站,03,間-二乙基苯,0,ppb
四湖站,03,對-二乙基苯,0,ppbv
四湖站,03,正十一烷,0.02,ppbv
東勢站,03,乙烷,2.15,ppb
東勢站,03,乙烯,1,ppb
東勢站,03,丙烷,1.47,ppb
東勢站,03,丙烯,0.22,ppb
東勢站,03,異丁烷,0.57,ppb
東勢站,03,正丁烷,1.06,ppb
東勢站,03,乙炔,0.34,ppb
東勢站,03,反2-丁烯,0.04,ppb
東勢站,03,1-丁烯,0.19,ppb
東勢站,03,順2-丁烯,0,ppb
東勢站,03,環戊烷,0.05,ppb
東勢站,03,異戊烷,0.45,ppb
東勢站,03,正戊烷,0.23,ppb
東勢站,03,反2-戊烯,0,ppb
東勢站,03,1-戊烯,0,ppb
東勢站,03,順2-戊烯,0,ppb
東勢站,03,"2,2-二甲基丁烷",0,ppb
東勢站,03,"2,3-二甲基丁烷",0.02,ppb
東勢站,03,2-甲基戊烷,0.09,ppb
東勢站,03,3-甲基戊烷,0.08,ppb
東勢站,03,異戊二烯,0,ppb
東勢站,03,正己烷,0.08,ppb
東勢站,03,甲基環戊烷,0.07,ppb
東勢站,03,"2,4-二甲基戊烷",0,ppb
東勢站,03,苯,0.14,ppb
東勢站,03,環己烷,0.05,ppb
東勢站,03,2-甲基己烷,0.03,ppb
東勢站,03,"2,3-二甲基戊烷",0,ppb
東勢站,03,3-甲基己烷,0.04,ppb
東勢站,03,"2,2,4-三甲基戊烷",0.02,ppb
東勢站,03,正庚烷,0.05,ppb
東勢站,03,甲基環己烷,0.03,ppb
東勢站,03,"2,3,4-三甲基戊烷",0.01,ppb
東勢站,03,甲苯,1.16,ppb
東勢站,03,2-甲基庚烷,0,ppb
東勢站,03,3-甲基庚烷,0,ppb
東勢站,03,正辛烷,0,ppb
東勢站,03,乙苯,0.06,ppb
東勢站,03,"間,對二甲苯",0.16,ppb
東勢站,03,苯乙烯,0,ppb
東勢站,03,鄰二甲苯,0,ppb
東勢站,03,正壬烷,0,ppb
東勢站,03,異丙基苯,0,ppb
東勢站,03,正丙基苯,0,ppb
東勢站,03,間-乙基甲苯,0,ppb
東勢站,03,對-乙基甲苯,0,ppb
東勢站,03,"1,3,5-三甲基苯",0,ppb
東勢站,03,鄰-乙基甲苯,0,ppb
東勢站,03,"1,2,4-三甲基苯",0,ppb
東勢站,03,葵烷,0,ppb
東勢站,03,"1,2,3-三甲基苯",0,ppb
東勢站,03,間-二乙基苯,0,ppb
東勢站,03,對-二乙基苯,0,ppbv
東勢站,03,正十一烷,0,ppbv
麥寮站,03,乙烷,1.27,ppb
麥寮站,03,乙烯,0.74,ppb
麥寮站,03,丙烷,0.74,ppb
麥寮站,03,丙烯,0,ppb
麥寮站,03,異丁烷,0.27,ppb
麥寮站,03,正丁烷,0.5,ppb
麥寮站,03,乙炔,0.35,ppb
麥寮站,03,反2-丁烯,0,ppb
麥寮站,03,1-丁烯,0.06,ppb
麥寮站,03,順2-丁烯,0,ppb
麥寮站,03,環戊烷,0.04,ppb
麥寮站,03,異戊烷,0.22,ppb
麥寮站,03,正戊烷,0.13,ppb
麥寮站,03,反2-戊烯,0,ppb
麥寮站,03,1-戊烯,0,ppb
麥寮站,03,順2-戊烯,0,ppb
麥寮站,03,"2,2-二甲基丁烷",0,ppb
麥寮站,03,"2,3-二甲基丁烷",0,ppb
麥寮站,03,2-甲基戊烷,0.04,ppb
麥寮站,03,3-甲基戊烷,0.05,ppb
麥寮站,03,異戊二烯,0,ppb
麥寮站,03,正己烷,0.02,ppb
麥寮站,03,甲基環戊烷,0,ppb
麥寮站,03,"2,4-二甲基戊烷",0,ppb
麥寮站,03,苯,0.1,ppb
麥寮站,03,環己烷,0,ppb
麥寮站,03,2-甲基己烷,0,ppb
麥寮站,03,"2,3-二甲基戊烷",0,ppb
麥寮站,03,3-甲基己烷,0,ppb
麥寮站,03,"2,2,4-三甲基戊烷",0,ppb
麥寮站,03,正庚烷,0.01,ppb
麥寮站,03,甲基環己烷,0,ppb
麥寮站,03,"2,3,4-三甲基戊烷",0,ppb
麥寮站,03,甲苯,0.71,ppb
麥寮站,03,2-甲基庚烷,0,ppb
麥寮站,03,3-甲基庚烷,0,ppb
麥寮站,03,正辛烷,0,ppb
麥寮站,03,乙苯,0.04,ppb
麥寮站,03,"間,對二甲苯",0.12,ppb
麥寮站,03,苯乙烯,0,ppb
麥寮站,03,鄰二甲苯,0.06,ppb
麥寮站,03,正壬烷,0,ppb
麥寮站,03,異丙基苯,0,ppb
麥寮站,03,正丙基苯,0,ppb
麥寮站,03,間-乙基甲苯,0,ppb
麥寮站,03,對-乙基甲苯,0,ppb
麥寮站,03,"1,3,5-三甲基苯",0,ppb
麥寮站,03,鄰-乙基甲苯,0,ppb
麥寮站,03,"1,2,4-三甲基苯",0.03,ppb
麥寮站,03,葵烷,0.01,ppb
麥寮站,03,"1,2,3-三甲基苯",0.02,ppb
麥寮站,03,間-二乙基苯,0,ppb
麥寮站,03,對-二乙基苯,0,ppbv
麥寮站,03,正十一烷,0,ppbv
台西站,03,乙烷,---,ppb
台西站,03,乙烯,---,ppb
台西站,03,丙烷,---,ppb
台西站,03,丙烯,---,ppb
台西站,03,異丁烷,---,ppb
台西站,03,正丁烷,---,ppb
台西站,03,乙炔,---,ppb
台西站,03,反2-丁烯,---,ppb
台西站,03,1-丁烯,---,ppb
台西站,03,順2-丁烯,---,ppb
台西站,03,環戊烷,---,ppb
台西站,03,異戊烷,---,ppb
台西站,03,正戊烷,---,ppb
台西站,03,反2-戊烯,---,ppb
台西站,03,1-戊烯,---,ppb
台西站,03,順2-戊烯,---,ppb
台西站,03,"2,2-二甲基丁烷",---,ppb
台西站,03,"2,3-二甲基丁烷",---,ppb
台西站,03,2-甲基戊烷,---,ppb
台西站,03,3-甲基戊烷,---,ppb
台西站,03,異戊二烯,---,ppb
台西站,03,正己烷,---,ppb
台西站,03,甲基環戊烷,---,ppb
台西站,03,"2,4-二甲基戊烷",---,ppb
台西站,03,苯,---,ppb
台西站,03,環己烷,---,ppb
台西站,03,2-甲基己烷,---,ppb
台西站,03,"2,3-二甲基戊烷",---,ppb
台西站,03,3-甲基己烷,---,ppb
台西站,03,"2,2,4-三甲基戊烷",---,ppb
台西站,03,正庚烷,---,ppb
台西站,03,甲基環己烷,---,ppb
台西站,03,"2,3,4-三甲基戊烷",---,ppb
台西站,03,甲苯,---,ppb
台西站,03,2-甲基庚烷,---,ppb
台西站,03,3-甲基庚烷,---,ppb
台西站,03,正辛烷,---,ppb
台西站,03,乙苯,---,ppb
台西站,03,"間,對二甲苯",---,ppb
台西站,03,苯乙烯,---,ppb
台西站,03,鄰二甲苯,---,ppb
台西站,03,正壬烷,---,ppb
台西站,03,異丙基苯,---,ppb
台西站,03,正丙基苯,---,ppb
台西站,03,間-乙基甲苯,---,ppb
台西站,03,對-乙基甲苯,---,ppb
台西站,03,"1,3,5-三甲基苯",---,ppb
台西站,03,鄰-乙基甲苯,---,ppb
台西站,03,"1,2,4-三甲基苯",---,ppb
台西站,03,葵烷,---,ppb
台西站,03,"1,2,3-三甲基苯",---,ppb
台西站,03,間-二乙基苯,---,ppb
台西站,03,對-二乙基苯,---,ppbv
台西站,03,正十一烷,---,ppbv
土庫站,03,乙烷,2.19,ppb
土庫站,03,乙烯,1.07,ppb
土庫站,03,丙烷,1.66,ppb
土庫站,03,丙烯,0.24,ppb
土庫站,03,異丁烷,0.52,ppb
土庫站,03,正丁烷,0.96,ppb
土庫站,03,乙炔,0.68,ppb
土庫站,03,反2-丁烯,0,ppb
土庫站,03,1-丁烯,0.08,ppb
土庫站,03,順2-丁烯,0,ppb
土庫站,03,環戊烷,0.05,ppb
土庫站,03,異戊烷,0.47,ppb
土庫站,03,正戊烷,0.24,ppb
土庫站,03,反2-戊烯,0,ppb
土庫站,03,1-戊烯,0,ppb
土庫站,03,順2-戊烯,0,ppb
土庫站,03,"2,2-二甲基丁烷",0.03,ppb
土庫站,03,"2,3-二甲基丁烷",0.14,ppb
土庫站,03,2-甲基戊烷,0.13,ppb
土庫站,03,3-甲基戊烷,0,ppb
土庫站,03,異戊二烯,0,ppb
土庫站,03,正己烷,0.15,ppb
土庫站,03,甲基環戊烷,0.1,ppb
土庫站,03,"2,4-二甲基戊烷",0,ppb
土庫站,03,苯,0.37,ppb
土庫站,03,環己烷,0.07,ppb
土庫站,03,2-甲基己烷,0.04,ppb
土庫站,03,"2,3-二甲基戊烷",0,ppb
土庫站,03,3-甲基己烷,0.06,ppb
土庫站,03,"2,2,4-三甲基戊烷",0.03,ppb
土庫站,03,正庚烷,0.07,ppb
土庫站,03,甲基環己烷,0.04,ppb
土庫站,03,"2,3,4-三甲基戊烷",0,ppb
土庫站,03,甲苯,1.61,ppb
土庫站,03,2-甲基庚烷,0,ppb
土庫站,03,3-甲基庚烷,0.01,ppb
土庫站,03,正辛烷,0.02,ppb
土庫站,03,乙苯,0.1,ppb
土庫站,03,"間,對二甲苯",0.31,ppb
土庫站,03,苯乙烯,0,ppb
土庫站,03,鄰二甲苯,0.1,ppb
土庫站,03,正壬烷,0.01,ppb
土庫站,03,異丙基苯,0,ppb
土庫站,03,正丙基苯,0.01,ppb
土庫站,03,間-乙基甲苯,0.03,ppb
土庫站,03,對-乙基甲苯,0,ppb
土庫站,03,"1,3,5-三甲基苯",0.02,ppb
土庫站,03,鄰-乙基甲苯,0.02,ppb
土庫站,03,"1,2,4-三甲基苯",0.07,ppb
土庫站,03,葵烷,0.01,ppb
土庫站,03,"1,2,3-三甲基苯",0.04,ppb
土庫站,03,間-二乙基苯,0,ppb
土庫站,03,對-二乙基苯,0.01,ppbv
土庫站,03,正十一烷,0.02,ppbv
西螺站,03,乙烷,2.2,ppb
西螺站,03,乙烯,0.88,ppb
西螺站,03,丙烷,2.21,ppb
西螺站,03,丙烯,0.28,ppb
西螺站,03,異丁烷,0.6,ppb
西螺站,03,正丁烷,1.14,ppb
西螺站,03,乙炔,0.57,ppb
西螺站,03,反2-丁烯,0,ppb
西螺站,03,1-丁烯,0.06,ppb
西螺站,03,順2-丁烯,0,ppb
西螺站,03,環戊烷,0.11,ppb
西螺站,03,異戊烷,0.49,ppb
西螺站,03,正戊烷,0.24,ppb
西螺站,03,反2-戊烯,0,ppb
西螺站,03,1-戊烯,0,ppb
西螺站,03,順2-戊烯,0,ppb
西螺站,03,"2,2-二甲基丁烷",0,ppb
西螺站,03,"2,3-二甲基丁烷",0,ppb
西螺站,03,2-甲基戊烷,0,ppb
西螺站,03,3-甲基戊烷,0,ppb
西螺站,03,異戊二烯,0,ppb
西螺站,03,正己烷,0.18,ppb
西螺站,03,甲基環戊烷,0.08,ppb
西螺站,03,"2,4-二甲基戊烷",0,ppb
西螺站,03,苯,0.18,ppb
西螺站,03,環己烷,0.15,ppb
西螺站,03,2-甲基己烷,0.03,ppb
西螺站,03,"2,3-二甲基戊烷",0,ppb
西螺站,03,3-甲基己烷,0.06,ppb
西螺站,03,"2,2,4-三甲基戊烷",0.05,ppb
西螺站,03,正庚烷,0.08,ppb
西螺站,03,甲基環己烷,0.05,ppb
西螺站,03,"2,3,4-三甲基戊烷",0.02,ppb
西螺站,03,甲苯,1.95,ppb
西螺站,03,2-甲基庚烷,0,ppb
西螺站,03,3-甲基庚烷,0,ppb
西螺站,03,正辛烷,0.02,ppb
西螺站,03,乙苯,0.12,ppb
西螺站,03,"間,對二甲苯",0.27,ppb
西螺站,03,苯乙烯,0,ppb
西螺站,03,鄰二甲苯,0.11,ppb
西螺站,03,正壬烷,0.01,ppb
西螺站,03,異丙基苯,0,ppb
西螺站,03,正丙基苯,0,ppb
西螺站,03,間-乙基甲苯,0.03,ppb
西螺站,03,對-乙基甲苯,0,ppb
西螺站,03,"1,3,5-三甲基苯",0.01,ppb
西螺站,03,鄰-乙基甲苯,0.02,ppb
西螺站,03,"1,2,4-三甲基苯",0.06,ppb
西螺站,03,葵烷,0.02,ppb
西螺站,03,"1,2,3-三甲基苯",0.06,ppb
西螺站,03,間-二乙基苯,0.02,ppb
西螺站,03,對-二乙基苯,0.01,ppbv
西螺站,03,正十一烷,0.02,ppbv
大城站,04,乙烷,0.79,ppb
大城站,04,乙烯,0.23,ppb
大城站,04,丙烷,0.33,ppb
大城站,04,丙烯,0,ppb
大城站,04,異丁烷,0.1,ppb
大城站,04,正丁烷,0.15,ppb
大城站,04,乙炔,0.23,ppb
大城站,04,反2-丁烯,0,ppb
大城站,04,1-丁烯,0,ppb
大城站,04,順2-丁烯,0,ppb
大城站,04,環戊烷,0,ppb
大城站,04,異戊烷,0.1,ppb
大城站,04,正戊烷,0.09,ppb
大城站,04,反2-戊烯,0,ppb
大城站,04,1-戊烯,0,ppb
大城站,04,順2-戊烯,0,ppb
大城站,04,"2,2-二甲基丁烷",0,ppb
大城站,04,"2,3-二甲基丁烷",0,ppb
大城站,04,2-甲基戊烷,0,ppb
大城站,04,3-甲基戊烷,0,ppb
大城站,04,異戊二烯,0,ppb
大城站,04,正己烷,0.02,ppb
大城站,04,甲基環戊烷,0,ppb
大城站,04,"2,4-二甲基戊烷",0,ppb
大城站,04,苯,0.03,ppb
大城站,04,環己烷,0,ppb
大城站,04,2-甲基己烷,0,ppb
大城站,04,"2,3-二甲基戊烷",0,ppb
大城站,04,3-甲基己烷,0,ppb
大城站,04,"2,2,4-三甲基戊烷",0,ppb
大城站,04,正庚烷,0,ppb
大城站,04,甲基環己烷,0,ppb
大城站,04,"2,3,4-三甲基戊烷",0,ppb
大城站,04,甲苯,0.08,ppb
大城站,04,2-甲基庚烷,0,ppb
大城站,04,3-甲基庚烷,0,ppb
大城站,04,正辛烷,0,ppb
大城站,04,乙苯,0,ppb
大城站,04,"間,對二甲苯",0,ppb
大城站,04,苯乙烯,0,ppb
大城站,04,鄰二甲苯,0,ppb
大城站,04,正壬烷,0,ppb
大城站,04,異丙基苯,0,ppb
大城站,04,正丙基苯,0,ppb
大城站,04,間-乙基甲苯,0,ppb
大城站,04,對-乙基甲苯,0,ppb
大城站,04,"1,3,5-三甲基苯",0,ppb
大城站,04,鄰-乙基甲苯,0,ppb
大城站,04,"1,2,4-三甲基苯",0.02,ppb
大城站,04,葵烷,0,ppb
大城站,04,"1,2,3-三甲基苯",0,ppb
大城站,04,間-二乙基苯,0,ppb
大城站,04,對-二乙基苯,0,ppbv
大城站,04,正十一烷,0,ppbv
東石站,04,乙烷,0.94,ppb
東石站,04,乙烯,0.7,ppb
東石站,04,丙烷,0.49,ppb
東石站,04,丙烯,0.33,ppb
東石站,04,異丁烷,0.19,ppb
東石站,04,正丁烷,0.37,ppb
東石站,04,乙炔,0.14,ppb
東石站,04,反2-丁烯,0.03,ppb
東石站,04,1-丁烯,0.11,ppb
東石站,04,順2-丁烯,0,ppb
東石站,04,環戊烷,0,ppb
東石站,04,異戊烷,0.18,ppb
東石站,04,正戊烷,0.14,ppb
東石站,04,反2-戊烯,0,ppb
東石站,04,1-戊烯,0,ppb
東石站,04,順2-戊烯,0,ppb
東石站,04,"2,2-二甲基丁烷",0,ppb
東石站,04,"2,3-二甲基丁烷",0,ppb
東石站,04,2-甲基戊烷,0.03,ppb
東石站,04,3-甲基戊烷,0,ppb
東石站,04,異戊二烯,0,ppb
東石站,04,正己烷,0.07,ppb
東石站,04,甲基環戊烷,0,ppb
東石站,04,"2,4-二甲基戊烷",0,ppb
東石站,04,苯,0.2,ppb
東石站,04,環己烷,0.05,ppb
東石站,04,2-甲基己烷,0,ppb
東石站,04,"2,3-二甲基戊烷",0,ppb
東石站,04,3-甲基己烷,0,ppb
東石站,04,"2,2,4-三甲基戊烷",0,ppb
東石站,04,正庚烷,0.04,ppb
東石站,04,甲基環己烷,0,ppb
東石站,04,"2,3,4-三甲基戊烷",0,ppb
東石站,04,甲苯,0.26,ppb
東石站,04,2-甲基庚烷,0,ppb
東石站,04,3-甲基庚烷,0,ppb
東石站,04,正辛烷,0,ppb
東石站,04,乙苯,0.03,ppb
東石站,04,"間,對二甲苯",0.07,ppb
東石站,04,苯乙烯,0,ppb
東石站,04,鄰二甲苯,0.02,ppb
東石站,04,正壬烷,0,ppb
東石站,04,異丙基苯,0,ppb
東石站,04,正丙基苯,0,ppb
東石站,04,間-乙基甲苯,0,ppb
東石站,04,對-乙基甲苯,0,ppb
東石站,04,"1,3,5-三甲基苯",0,ppb
東石站,04,鄰-乙基甲苯,0,ppb
東石站,04,"1,2,4-三甲基苯",0.02,ppb
東石站,04,葵烷,0,ppb
東石站,04,"1,2,3-三甲基苯",0.03,ppb
東石站,04,間-二乙基苯,0,ppb
東石站,04,對-二乙基苯,0.01,ppbv
東石站,04,正十一烷,0.01,ppbv
褒忠站,04,乙烷,0.96,ppb
褒忠站,04,乙烯,0.32,ppb
褒忠站,04,丙烷,0.48,ppb
褒忠站,04,丙烯,0,ppb
褒忠站,04,異丁烷,0.13,ppb
褒忠站,04,正丁烷,0.23,ppb
褒忠站,04,乙炔,0,ppb
褒忠站,04,反2-丁烯,0,ppb
褒忠站,04,1-丁烯,0.28,ppb
褒忠站,04,順2-丁烯,0,ppb
褒忠站,04,環戊烷,0,ppb
褒忠站,04,異戊烷,0.11,ppb
褒忠站,04,正戊烷,0.06,ppb
褒忠站,04,反2-戊烯,0,ppb
褒忠站,04,1-戊烯,0,ppb
褒忠站,04,順2-戊烯,0,ppb
褒忠站,04,"2,2-二甲基丁烷",0,ppb
褒忠站,04,"2,3-二甲基丁烷",0,ppb
褒忠站,04,2-甲基戊烷,0,ppb
褒忠站,04,3-甲基戊烷,0,ppb
褒忠站,04,異戊二烯,0,ppb
褒忠站,04,正己烷,0,ppb
褒忠站,04,甲基環戊烷,0,ppb
褒忠站,04,"2,4-二甲基戊烷",0,ppb
褒忠站,04,苯,0.08,ppb
褒忠站,04,環己烷,0,ppb
褒忠站,04,2-甲基己烷,0,ppb
褒忠站,04,"2,3-二甲基戊烷",0,ppb
褒忠站,04,3-甲基己烷,0,ppb
褒忠站,04,"2,2,4-三甲基戊烷",0,ppb
褒忠站,04,正庚烷,0,ppb
褒忠站,04,甲基環己烷,0,ppb
褒忠站,04,"2,3,4-三甲基戊烷",0,ppb
褒忠站,04,甲苯,0.28,ppb
褒忠站,04,2-甲基庚烷,0,ppb
褒忠站,04,3-甲基庚烷,0,ppb
褒忠站,04,正辛烷,0,ppb
褒忠站,04,乙苯,0,ppb
褒忠站,04,"間,對二甲苯",0.03,ppb
褒忠站,04,苯乙烯,0,ppb
褒忠站,04,鄰二甲苯,0,ppb
褒忠站,04,正壬烷,0,ppb
褒忠站,04,異丙基苯,0,ppb
褒忠站,04,正丙基苯,0,ppb
褒忠站,04,間-乙基甲苯,0,ppb
褒忠站,04,對-乙基甲苯,0,ppb
褒忠站,04,"1,3,5-三甲基苯",0,ppb
褒忠站,04,鄰-乙基甲苯,0,ppb
褒忠站,04,"1,2,4-三甲基苯",0,ppb
褒忠站,04,葵烷,0,ppb
褒忠站,04,"1,2,3-三甲基苯",0,ppb
褒忠站,04,間-二乙基苯,0,ppb
褒忠站,04,對-二乙基苯,0,ppbv
褒忠站,04,正十一烷,0,ppbv
崙背站,04,乙烷,0.87,ppb
崙背站,04,乙烯,0.21,ppb
崙背站,04,丙烷,0.32,ppb
崙背站,04,丙烯,0,ppb
崙背站,04,異丁烷,0.13,ppb
崙背站,04,正丁烷,0.22,ppb
崙背站,04,乙炔,0.14,ppb
崙背站,04,反2-丁烯,0,ppb
崙背站,04,1-丁烯,0.06,ppb
崙背站,04,順2-丁烯,0,ppb
崙背站,04,環戊烷,0.02,ppb
崙背站,04,異戊烷,0.11,ppb
崙背站,04,正戊烷,0.05,ppb
崙背站,04,反2-戊烯,0,ppb
崙背站,04,1-戊烯,0,ppb
崙背站,04,順2-戊烯,0,ppb
崙背站,04,"2,2-二甲基丁烷",0,ppb
崙背站,04,"2,3-二甲基丁烷",0,ppb
崙背站,04,2-甲基戊烷,0,ppb
崙背站,04,3-甲基戊烷,0,ppb
崙背站,04,異戊二烯,0,ppb
崙背站,04,正己烷,0,ppb
崙背站,04,甲基環戊烷,0,ppb
崙背站,04,"2,4-二甲基戊烷",0,ppb
崙背站,04,苯,0,ppb
崙背站,04,環己烷,0,ppb
崙背站,04,2-甲基己烷,0,ppb
崙背站,04,"2,3-二甲基戊烷",0,ppb
崙背站,04,3-甲基己烷,0,ppb
崙背站,04,"2,2,4-三甲基戊烷",0,ppb
崙背站,04,正庚烷,0,ppb
崙背站,04,甲基環己烷,0,ppb
崙背站,04,"2,3,4-三甲基戊烷",0,ppb
崙背站,04,甲苯,0.14,ppb
崙背站,04,2-甲基庚烷,0,ppb
崙背站,04,3-甲基庚烷,0,ppb
崙背站,04,正辛烷,0,ppb
崙背站,04,乙苯,0,ppb
崙背站,04,"間,對二甲苯",0.06,ppb
崙背站,04,苯乙烯,0,ppb
崙背站,04,鄰二甲苯,0.01,ppb
崙背站,04,正壬烷,0,ppb
崙背站,04,異丙基苯,0,ppb
崙背站,04,正丙基苯,0,ppb
崙背站,04,間-乙基甲苯,0,ppb
崙背站,04,對-乙基甲苯,0,ppb
崙背站,04,"1,3,5-三甲基苯",0,ppb
崙背站,04,鄰-乙基甲苯,0,ppb
崙背站,04,"1,2,4-三甲基苯",0.02,ppb
崙背站,04,葵烷,0,ppb
崙背站,04,"1,2,3-三甲基苯",0.02,ppb
崙背站,04,間-二乙基苯,0,ppb
崙背站,04,對-二乙基苯,0,ppbv
崙背站,04,正十一烷,0.02,ppbv
四湖站,04,乙烷,0.91,ppb
四湖站,04,乙烯,0.23,ppb
四湖站,04,丙烷,0.43,ppb
四湖站,04,丙烯,0,ppb
四湖站,04,異丁烷,0.11,ppb
四湖站,04,正丁烷,0.22,ppb
四湖站,04,乙炔,0.32,ppb
四湖站,04,反2-丁烯,0,ppb
四湖站,04,1-丁烯,0.22,ppb
四湖站,04,順2-丁烯,0,ppb
四湖站,04,環戊烷,0,ppb
四湖站,04,異戊烷,0.09,ppb
四湖站,04,正戊烷,0.06,ppb
四湖站,04,反2-戊烯,0,ppb
四湖站,04,1-戊烯,0,ppb
四湖站,04,順2-戊烯,0,ppb
四湖站,04,"2,2-二甲基丁烷",0,ppb
四湖站,04,"2,3-二甲基丁烷",0.04,ppb
四湖站,04,2-甲基戊烷,0,ppb
四湖站,04,3-甲基戊烷,0,ppb
四湖站,04,異戊二烯,0,ppb
四湖站,04,正己烷,0,ppb
四湖站,04,甲基環戊烷,0.05,ppb
四湖站,04,"2,4-二甲基戊烷",0,ppb
四湖站,04,苯,0.09,ppb
四湖站,04,環己烷,0,ppb
四湖站,04,2-甲基己烷,0,ppb
四湖站,04,"2,3-二甲基戊烷",0,ppb
四湖站,04,3-甲基己烷,0,ppb
四湖站,04,"2,2,4-三甲基戊烷",0,ppb
四湖站,04,正庚烷,0,ppb
四湖站,04,甲基環己烷,0,ppb
四湖站,04,"2,3,4-三甲基戊烷",0,ppb
四湖站,04,甲苯,0.29,ppb
四湖站,04,2-甲基庚烷,0,ppb
四湖站,04,3-甲基庚烷,0,ppb
四湖站,04,正辛烷,0,ppb
四湖站,04,乙苯,0.02,ppb
四湖站,04,"間,對二甲苯",0.06,ppb
四湖站,04,苯乙烯,0,ppb
四湖站,04,鄰二甲苯,0.03,ppb
四湖站,04,正壬烷,0,ppb
四湖站,04,異丙基苯,0,ppb
四湖站,04,正丙基苯,0,ppb
四湖站,04,間-乙基甲苯,0.02,ppb
四湖站,04,對-乙基甲苯,0,ppb
四湖站,04,"1,3,5-三甲基苯",0,ppb
四湖站,04,鄰-乙基甲苯,0,ppb
四湖站,04,"1,2,4-三甲基苯",0.02,ppb
四湖站,04,葵烷,0,ppb
四湖站,04,"1,2,3-三甲基苯",0.05,ppb
四湖站,04,間-二乙基苯,0,ppb
四湖站,04,對-二乙基苯,0,ppbv
四湖站,04,正十一烷,0,ppbv
東勢站,04,乙烷,1.11,ppb
東勢站,04,乙烯,0.28,ppb
東勢站,04,丙烷,0.54,ppb
東勢站,04,丙烯,0,ppb
東勢站,04,異丁烷,0.18,ppb
東勢站,04,正丁烷,0.34,ppb
東勢站,04,乙炔,0.12,ppb
東勢站,04,反2-丁烯,0,ppb
東勢站,04,1-丁烯,0.16,ppb
東勢站,04,順2-丁烯,0,ppb
東勢站,04,環戊烷,0,ppb
東勢站,04,異戊烷,0.15,ppb
東勢站,04,正戊烷,0.07,ppb
東勢站,04,反2-戊烯,0,ppb
東勢站,04,1-戊烯,0,ppb
東勢站,04,順2-戊烯,0,ppb
東勢站,04,"2,2-二甲基丁烷",0,ppb
東勢站,04,"2,3-二甲基丁烷",0,ppb
東勢站,04,2-甲基戊烷,0.02,ppb
東勢站,04,3-甲基戊烷,0,ppb
東勢站,04,異戊二烯,0,ppb
東勢站,04,正己烷,0,ppb
東勢站,04,甲基環戊烷,0,ppb
東勢站,04,"2,4-二甲基戊烷",0,ppb
東勢站,04,苯,0,ppb
東勢站,04,環己烷,0,ppb
東勢站,04,2-甲基己烷,0,ppb
東勢站,04,"2,3-二甲基戊烷",0,ppb
東勢站,04,3-甲基己烷,0,ppb
東勢站,04,"2,2,4-三甲基戊烷",0,ppb
東勢站,04,正庚烷,0,ppb
東勢站,04,甲基環己烷,0,ppb
東勢站,04,"2,3,4-三甲基戊烷",0,ppb
東勢站,04,甲苯,0.24,ppb
東勢站,04,2-甲基庚烷,0,ppb
東勢站,04,3-甲基庚烷,0,ppb
東勢站,04,正辛烷,0,ppb
東勢站,04,乙苯,0,ppb
東勢站,04,"間,對二甲苯",0.07,ppb
東勢站,04,苯乙烯,0,ppb
東勢站,04,鄰二甲苯,0,ppb
東勢站,04,正壬烷,0,ppb
東勢站,04,異丙基苯,0,ppb
東勢站,04,正丙基苯,0,ppb
東勢站,04,間-乙基甲苯,0,ppb
東勢站,04,對-乙基甲苯,0,ppb
東勢站,04,"1,3,5-三甲基苯",0,ppb
東勢站,04,鄰-乙基甲苯,0,ppb
東勢站,04,"1,2,4-三甲基苯",0,ppb
東勢站,04,葵烷,0,ppb
東勢站,04,"1,2,3-三甲基苯",0,ppb
東勢站,04,間-二乙基苯,0,ppb
東勢站,04,對-二乙基苯,0,ppbv
東勢站,04,正十一烷,0,ppbv
麥寮站,04,乙烷,0.7,ppb
麥寮站,04,乙烯,0.13,ppb
麥寮站,04,丙烷,0.25,ppb
麥寮站,04,丙烯,0,ppb
麥寮站,04,異丁烷,0.09,ppb
麥寮站,04,正丁烷,0.14,ppb
麥寮站,04,乙炔,0.19,ppb
麥寮站,04,反2-丁烯,0,ppb
麥寮站,04,1-丁烯,0.07,ppb
麥寮站,04,順2-丁烯,0,ppb
麥寮站,04,環戊烷,0.02,ppb
麥寮站,04,異戊烷,0.08,ppb
麥寮站,04,正戊烷,0.05,ppb
麥寮站,04,反2-戊烯,0,ppb
麥寮站,04,1-戊烯,0,ppb
麥寮站,04,順2-戊烯,0,ppb
麥寮站,04,"2,2-二甲基丁烷",0,ppb
麥寮站,04,"2,3-二甲基丁烷",0,ppb
麥寮站,04,2-甲基戊烷,0,ppb
麥寮站,04,3-甲基戊烷,0,ppb
麥寮站,04,異戊二烯,0,ppb
麥寮站,04,正己烷,0,ppb
麥寮站,04,甲基環戊烷,0,ppb
麥寮站,04,"2,4-二甲基戊烷",0,ppb
麥寮站,04,苯,0,ppb
麥寮站,04,環己烷,0,ppb
麥寮站,04,2-甲基己烷,0,ppb
麥寮站,04,"2,3-二甲基戊烷",0,ppb
麥寮站,04,3-甲基己烷,0,ppb
麥寮站,04,"2,2,4-三甲基戊烷",0,ppb
麥寮站,04,正庚烷,0,ppb
麥寮站,04,甲基環己烷,0,ppb
麥寮站,04,"2,3,4-三甲基戊烷",0,ppb
麥寮站,04,甲苯,0.22,ppb
麥寮站,04,2-甲基庚烷,0,ppb
麥寮站,04,3-甲基庚烷,0,ppb
麥寮站,04,正辛烷,0,ppb
麥寮站,04,乙苯,0,ppb
麥寮站,04,"間,對二甲苯",0.07,ppb
麥寮站,04,苯乙烯,0,ppb
麥寮站,04,鄰二甲苯,0.02,ppb
麥寮站,04,正壬烷,0,ppb
麥寮站,04,異丙基苯,0,ppb
麥寮站,04,正丙基苯,0,ppb
麥寮站,04,間-乙基甲苯,0,ppb
麥寮站,04,對-乙基甲苯,0,ppb
麥寮站,04,"1,3,5-三甲基苯",0,ppb
麥寮站,04,鄰-乙基甲苯,0,ppb
麥寮站,04,"1,2,4-三甲基苯",0,ppb
麥寮站,04,葵烷,0,ppb
麥寮站,04,"1,2,3-三甲基苯",0,ppb
麥寮站,04,間-二乙基苯,0,ppb
麥寮站,04,對-二乙基苯,0,ppbv
麥寮站,04,正十一烷,0,ppbv
台西站,04,乙烷,---,ppb
台西站,04,乙烯,---,ppb
台西站,04,丙烷,---,ppb
台西站,04,丙烯,---,ppb
台西站,04,異丁烷,---,ppb
台西站,04,正丁烷,---,ppb
台西站,04,乙炔,---,ppb
台西站,04,反2-丁烯,---,ppb
台西站,04,1-丁烯,---,ppb
台西站,04,順2-丁烯,---,ppb
台西站,04,環戊烷,---,ppb
台西站,04,異戊烷,---,ppb
台西站,04,正戊烷,---,ppb
台西站,04,反2-戊烯,---,ppb
台西站,04,1-戊烯,---,ppb
台西站,04,順2-戊烯,---,ppb
台西站,04,"2,2-二甲基丁烷",---,ppb
台西站,04,"2,3-二甲基丁烷",---,ppb
台西站,04,2-甲基戊烷,---,ppb
台西站,04,3-甲基戊烷,---,ppb
台西站,04,異戊二烯,---,ppb
台西站,04,正己烷,---,ppb
台西站,04,甲基環戊烷,---,ppb
台西站,04,"2,4-二甲基戊烷",---,ppb
台西站,04,苯,---,ppb
台西站,04,環己烷,---,ppb
台西站,04,2-甲基己烷,---,ppb
台西站,04,"2,3-二甲基戊烷",---,ppb
台西站,04,3-甲基己烷,---,ppb
台西站,04,"2,2,4-三甲基戊烷",---,ppb
台西站,04,正庚烷,---,ppb
台西站,04,甲基環己烷,---,ppb
台西站,04,"2,3,4-三甲基戊烷",---,ppb
台西站,04,甲苯,---,ppb
台西站,04,2-甲基庚烷,---,ppb
台西站,04,3-甲基庚烷,---,ppb
台西站,04,正辛烷,---,ppb
台西站,04,乙苯,---,ppb
台西站,04,"間,對二甲苯",---,ppb
台西站,04,苯乙烯,---,ppb
台西站,04,鄰二甲苯,---,ppb
台西站,04,正壬烷,---,ppb
台西站,04,異丙基苯,---,ppb
台西站,04,正丙基苯,---,ppb
台西站,04,間-乙基甲苯,---,ppb
台西站,04,對-乙基甲苯,---,ppb
台西站,04,"1,3,5-三甲基苯",---,ppb
台西站,04,鄰-乙基甲苯,---,ppb
台西站,04,"1,2,4-三甲基苯",---,ppb
台西站,04,葵烷,---,ppb
台西站,04,"1,2,3-三甲基苯",---,ppb
台西站,04,間-二乙基苯,---,ppb
台西站,04,對-二乙基苯,---,ppbv
台西站,04,正十一烷,---,ppbv
土庫站,04,乙烷,1.45,ppb
土庫站,04,乙烯,0.67,ppb
土庫站,04,丙烷,1.01,ppb
土庫站,04,丙烯,0.13,ppb
土庫站,04,異丁烷,0.32,ppb
土庫站,04,正丁烷,0.59,ppb
土庫站,04,乙炔,0.46,ppb
土庫站,04,反2-丁烯,0,ppb
土庫站,04,1-丁烯,0.06,ppb
土庫站,04,順2-丁烯,0,ppb
土庫站,04,環戊烷,0.03,ppb
土庫站,04,異戊烷,0.28,ppb
土庫站,04,正戊烷,0.14,ppb
土庫站,04,反2-戊烯,0,ppb
土庫站,04,1-戊烯,0,ppb
土庫站,04,順2-戊烯,0,ppb
土庫站,04,"2,2-二甲基丁烷",0.02,ppb
土庫站,04,"2,3-二甲基丁烷",0.08,ppb
土庫站,04,2-甲基戊烷,0.06,ppb
土庫站,04,3-甲基戊烷,0,ppb
土庫站,04,異戊二烯,0,ppb
土庫站,04,正己烷,0.03,ppb
土庫站,04,甲基環戊烷,0.05,ppb
土庫站,04,"2,4-二甲基戊烷",0,ppb
土庫站,04,苯,0.16,ppb
土庫站,04,環己烷,0.03,ppb
土庫站,04,2-甲基己烷,0.03,ppb
土庫站,04,"2,3-二甲基戊烷",0,ppb
土庫站,04,3-甲基己烷,0.03,ppb
土庫站,04,"2,2,4-三甲基戊烷",0,ppb
土庫站,04,正庚烷,0.04,ppb
土庫站,04,甲基環己烷,0.02,ppb
土庫站,04,"2,3,4-三甲基戊烷",0,ppb
土庫站,04,甲苯,0.73,ppb
土庫站,04,2-甲基庚烷,0,ppb
土庫站,04,3-甲基庚烷,0,ppb
土庫站,04,正辛烷,0,ppb
土庫站,04,乙苯,0.05,ppb
土庫站,04,"間,對二甲苯",0.15,ppb
土庫站,04,苯乙烯,0,ppb
土庫站,04,鄰二甲苯,0.06,ppb
土庫站,04,正壬烷,0,ppb
土庫站,04,異丙基苯,0,ppb
土庫站,04,正丙基苯,0,ppb
土庫站,04,間-乙基甲苯,0.02,ppb
土庫站,04,對-乙基甲苯,0,ppb
土庫站,04,"1,3,5-三甲基苯",0,ppb
土庫站,04,鄰-乙基甲苯,0.01,ppb
土庫站,04,"1,2,4-三甲基苯",0.04,ppb
土庫站,04,葵烷,0,ppb
土庫站,04,"1,2,3-三甲基苯",0.02,ppb
土庫站,04,間-二乙基苯,0,ppb
土庫站,04,對-二乙基苯,0,ppbv
土庫站,04,正十一烷,0.01,ppbv
西螺站,04,乙烷,1.53,ppb
西螺站,04,乙烯,0.57,ppb
西螺站,04,丙烷,0.93,ppb
西螺站,04,丙烯,0,ppb
西螺站,04,異丁烷,0.3,ppb
西螺站,04,正丁烷,0.52,ppb
西螺站,04,乙炔,0.45,ppb
西螺站,04,反2-丁烯,0,ppb
西螺站,04,1-丁烯,0,ppb
西螺站,04,順2-丁烯,0,ppb
西螺站,04,環戊烷,0.12,ppb
西螺站,04,異戊烷,0.26,ppb
西螺站,04,正戊烷,0.09,ppb
西螺站,04,反2-戊烯,0,ppb
西螺站,04,1-戊烯,0,ppb
西螺站,04,順2-戊烯,0,ppb
西螺站,04,"2,2-二甲基丁烷",0,ppb
西螺站,04,"2,3-二甲基丁烷",0.06,ppb
西螺站,04,2-甲基戊烷,0.05,ppb
西螺站,04,3-甲基戊烷,0,ppb
西螺站,04,異戊二烯,0,ppb
西螺站,04,正己烷,0,ppb
西螺站,04,甲基環戊烷,0,ppb
西螺站,04,"2,4-二甲基戊烷",0,ppb
西螺站,04,苯,0.12,ppb
西螺站,04,環己烷,0.14,ppb
西螺站,04,2-甲基己烷,0.02,ppb
西螺站,04,"2,3-二甲基戊烷",0,ppb
西螺站,04,3-甲基己烷,0,ppb
西螺站,04,"2,2,4-三甲基戊烷",0,ppb
西螺站,04,正庚烷,0.02,ppb
西螺站,04,甲基環己烷,0.02,ppb
西螺站,04,"2,3,4-三甲基戊烷",0,ppb
西螺站,04,甲苯,0.59,ppb
西螺站,04,2-甲基庚烷,0,ppb
西螺站,04,3-甲基庚烷,0,ppb
西螺站,04,正辛烷,0,ppb
西螺站,04,乙苯,0.04,ppb
西螺站,04,"間,對二甲苯",0.12,ppb
西螺站,04,苯乙烯,0.01,ppb
西螺站,04,鄰二甲苯,0,ppb
西螺站,04,正壬烷,0,ppb
西螺站,04,異丙基苯,0,ppb
西螺站,04,正丙基苯,0,ppb
西螺站,04,間-乙基甲苯,0.03,ppb
西螺站,04,對-乙基甲苯,0.02,ppb
西螺站,04,"1,3,5-三甲基苯",0,ppb
西螺站,04,鄰-乙基甲苯,0.01,ppb
西螺站,04,"1,2,4-三甲基苯",0.03,ppb
西螺站,04,葵烷,0.01,ppb
西螺站,04,"1,2,3-三甲基苯",0.03,ppb
西螺站,04,間-二乙基苯,0,ppb
西螺站,04,對-二乙基苯,0.01,ppbv
西螺站,04,正十一烷,0.01,ppbv
大城站,05,乙烷,0.86,ppb
大城站,05,乙烯,0.22,ppb
大城站,05,丙烷,0.36,ppb
大城站,05,丙烯,0,ppb
大城站,05,異丁烷,0.12,ppb
大城站,05,正丁烷,0.19,ppb
大城站,05,乙炔,0.21,ppb
大城站,05,反2-丁烯,0,ppb
大城站,05,1-丁烯,0,ppb
大城站,05,順2-丁烯,0,ppb
大城站,05,環戊烷,0,ppb
大城站,05,異戊烷,0.09,ppb
大城站,05,正戊烷,0.04,ppb
大城站,05,反2-戊烯,0,ppb
大城站,05,1-戊烯,0,ppb
大城站,05,順2-戊烯,0,ppb
大城站,05,"2,2-二甲基丁烷",0,ppb
大城站,05,"2,3-二甲基丁烷",0,ppb
大城站,05,2-甲基戊烷,0.01,ppb
大城站,05,3-甲基戊烷,0,ppb
大城站,05,異戊二烯,0,ppb
大城站,05,正己烷,0.01,ppb
大城站,05,甲基環戊烷,0,ppb
大城站,05,"2,4-二甲基戊烷",0,ppb
大城站,05,苯,0.03,ppb
大城站,05,環己烷,0,ppb
大城站,05,2-甲基己烷,0,ppb
大城站,05,"2,3-二甲基戊烷",0,ppb
大城站,05,3-甲基己烷,0,ppb
大城站,05,"2,2,4-三甲基戊烷",0,ppb
大城站,05,正庚烷,0,ppb
大城站,05,甲基環己烷,0,ppb
大城站,05,"2,3,4-三甲基戊烷",0,ppb
大城站,05,甲苯,0.12,ppb
大城站,05,2-甲基庚烷,0,ppb
大城站,05,3-甲基庚烷,0,ppb
大城站,05,正辛烷,0,ppb
大城站,05,乙苯,0,ppb
大城站,05,"間,對二甲苯",0,ppb
大城站,05,苯乙烯,0,ppb
大城站,05,鄰二甲苯,0,ppb
大城站,05,正壬烷,0,ppb
大城站,05,異丙基苯,0,ppb
大城站,05,正丙基苯,0,ppb
大城站,05,間-乙基甲苯,0,ppb
大城站,05,對-乙基甲苯,0,ppb
大城站,05,"1,3,5-三甲基苯",0,ppb
大城站,05,鄰-乙基甲苯,0,ppb
大城站,05,"1,2,4-三甲基苯",0.01,ppb
大城站,05,葵烷,0,ppb
大城站,05,"1,2,3-三甲基苯",0,ppb
大城站,05,間-二乙基苯,0,ppb
大城站,05,對-二乙基苯,0,ppbv
大城站,05,正十一烷,0,ppbv
東石站,05,乙烷,0.64,ppb
東石站,05,乙烯,0,ppb
東石站,05,丙烷,0.35,ppb
東石站,05,丙烯,0,ppb
東石站,05,異丁烷,0.12,ppb
東石站,05,正丁烷,0.16,ppb
東石站,05,乙炔,0,ppb
東石站,05,反2-丁烯,0,ppb
東石站,05,1-丁烯,0.09,ppb
東石站,05,順2-丁烯,0,ppb
東石站,05,環戊烷,0,ppb
東石站,05,異戊烷,0.07,ppb
東石站,05,正戊烷,0.04,ppb
東石站,05,反2-戊烯,0,ppb
東石站,05,1-戊烯,0,ppb
東石站,05,順2-戊烯,0,ppb
東石站,05,"2,2-二甲基丁烷",0,ppb
東石站,05,"2,3-二甲基丁烷",0,ppb
東石站,05,2-甲基戊烷,0,ppb
東石站,05,3-甲基戊烷,0,ppb
東石站,05,異戊二烯,0,ppb
東石站,05,正己烷,0,ppb
東石站,05,甲基環戊烷,0,ppb
東石站,05,"2,4-二甲基戊烷",0,ppb
東石站,05,苯,0.08,ppb
東石站,05,環己烷,0.02,ppb
東石站,05,2-甲基己烷,0,ppb
東石站,05,"2,3-二甲基戊烷",0,ppb
東石站,05,3-甲基己烷,0,ppb
東石站,05,"2,2,4-三甲基戊烷",0,ppb
東石站,05,正庚烷,0,ppb
東石站,05,甲基環己烷,0,ppb
東石站,05,"2,3,4-三甲基戊烷",0,ppb
東石站,05,甲苯,0.15,ppb
東石站,05,2-甲基庚烷,0,ppb
東石站,05,3-甲基庚烷,0,ppb
東石站,05,正辛烷,0,ppb
東石站,05,乙苯,0.02,ppb
東石站,05,"間,對二甲苯",0.04,ppb
東石站,05,苯乙烯,0,ppb
東石站,05,鄰二甲苯,0,ppb
東石站,05,正壬烷,0,ppb
東石站,05,異丙基苯,0,ppb
東石站,05,正丙基苯,0,ppb
東石站,05,間-乙基甲苯,0,ppb
東石站,05,對-乙基甲苯,0,ppb
東石站,05,"1,3,5-三甲基苯",0,ppb
東石站,05,鄰-乙基甲苯,0,ppb
東石站,05,"1,2,4-三甲基苯",0.02,ppb
東石站,05,葵烷,0,ppb
東石站,05,"1,2,3-三甲基苯",0.02,ppb
東石站,05,間-二乙基苯,0,ppb
東石站,05,對-二乙基苯,0,ppbv
東石站,05,正十一烷,0,ppbv
褒忠站,05,乙烷,0.99,ppb
褒忠站,05,乙烯,0.33,ppb
褒忠站,05,丙烷,0.6,ppb
褒忠站,05,丙烯,0,ppb
褒忠站,05,異丁烷,0.18,ppb
褒忠站,05,正丁烷,0.28,ppb
褒忠站,05,乙炔,0.16,ppb
褒忠站,05,反2-丁烯,0,ppb
褒忠站,05,1-丁烯,0.29,ppb
褒忠站,05,順2-丁烯,0,ppb
褒忠站,05,環戊烷,0,ppb
褒忠站,05,異戊烷,0.15,ppb
褒忠站,05,正戊烷,0.07,ppb
褒忠站,05,反2-戊烯,0,ppb
褒忠站,05,1-戊烯,0,ppb
褒忠站,05,順2-戊烯,0,ppb
褒忠站,05,"2,2-二甲基丁烷",0,ppb
褒忠站,05,"2,3-二甲基丁烷",0,ppb
褒忠站,05,2-甲基戊烷,0,ppb
褒忠站,05,3-甲基戊烷,0,ppb
褒忠站,05,異戊二烯,0,ppb
褒忠站,05,正己烷,0.03,ppb
褒忠站,05,甲基環戊烷,0,ppb
褒忠站,05,"2,4-二甲基戊烷",0,ppb
褒忠站,05,苯,0.11,ppb
褒忠站,05,環己烷,0.06,ppb
褒忠站,05,2-甲基己烷,0,ppb
褒忠站,05,"2,3-二甲基戊烷",0,ppb
褒忠站,05,3-甲基己烷,0,ppb
褒忠站,05,"2,2,4-三甲基戊烷",0,ppb
褒忠站,05,正庚烷,0,ppb
褒忠站,05,甲基環己烷,0,ppb
褒忠站,05,"2,3,4-三甲基戊烷",0,ppb
褒忠站,05,甲苯,0.32,ppb
褒忠站,05,2-甲基庚烷,0,ppb
褒忠站,05,3-甲基庚烷,0,ppb
褒忠站,05,正辛烷,0,ppb
褒忠站,05,乙苯,0,ppb
褒忠站,05,"間,對二甲苯",0.07,ppb
褒忠站,05,苯乙烯,0,ppb
褒忠站,05,鄰二甲苯,0,ppb
褒忠站,05,正壬烷,0,ppb
褒忠站,05,異丙基苯,0,ppb
褒忠站,05,正丙基苯,0,ppb
褒忠站,05,間-乙基甲苯,0,ppb
褒忠站,05,對-乙基甲苯,0,ppb
褒忠站,05,"1,3,5-三甲基苯",0,ppb
褒忠站,05,鄰-乙基甲苯,0,ppb
褒忠站,05,"1,2,4-三甲基苯",0.03,ppb
褒忠站,05,葵烷,0,ppb
褒忠站,05,"1,2,3-三甲基苯",0,ppb
褒忠站,05,間-二乙基苯,0,ppb
褒忠站,05,對-二乙基苯,0,ppbv
褒忠站,05,正十一烷,0,ppbv
崙背站,05,乙烷,1.06,ppb
崙背站,05,乙烯,0.47,ppb
崙背站,05,丙烷,0.46,ppb
崙背站,05,丙烯,0,ppb
崙背站,05,異丁烷,0.15,ppb
崙背站,05,正丁烷,0.27,ppb
崙背站,05,乙炔,0.25,ppb
崙背站,05,反2-丁烯,0,ppb
崙背站,05,1-丁烯,0.07,ppb
崙背站,05,順2-丁烯,0,ppb
崙背站,05,環戊烷,0,ppb
崙背站,05,異戊烷,0.15,ppb
崙背站,05,正戊烷,0.08,ppb
崙背站,05,反2-戊烯,0,ppb
崙背站,05,1-戊烯,0,ppb
崙背站,05,順2-戊烯,0,ppb
崙背站,05,"2,2-二甲基丁烷",0,ppb
崙背站,05,"2,3-二甲基丁烷",0,ppb
崙背站,05,2-甲基戊烷,0.02,ppb
崙背站,05,3-甲基戊烷,0,ppb
崙背站,05,異戊二烯,0,ppb
崙背站,05,正己烷,0,ppb
崙背站,05,甲基環戊烷,0,ppb
崙背站,05,"2,4-二甲基戊烷",0,ppb
崙背站,05,苯,0,ppb
崙背站,05,環己烷,0,ppb
崙背站,05,2-甲基己烷,0,ppb
崙背站,05,"2,3-二甲基戊烷",0,ppb
崙背站,05,3-甲基己烷,0,ppb
崙背站,05,"2,2,4-三甲基戊烷",0,ppb
崙背站,05,正庚烷,0,ppb
崙背站,05,甲基環己烷,0,ppb
崙背站,05,"2,3,4-三甲基戊烷",0,ppb
崙背站,05,甲苯,0.32,ppb
崙背站,05,2-甲基庚烷,0,ppb
崙背站,05,3-甲基庚烷,0,ppb
崙背站,05,正辛烷,0,ppb
崙背站,05,乙苯,0,ppb
崙背站,05,"間,對二甲苯",0.09,ppb
崙背站,05,苯乙烯,0,ppb
崙背站,05,鄰二甲苯,0.03,ppb
崙背站,05,正壬烷,0,ppb
崙背站,05,異丙基苯,0,ppb
崙背站,05,正丙基苯,0,ppb
崙背站,05,間-乙基甲苯,0,ppb
崙背站,05,對-乙基甲苯,0,ppb
崙背站,05,"1,3,5-三甲基苯",0,ppb
崙背站,05,鄰-乙基甲苯,0,ppb
崙背站,05,"1,2,4-三甲基苯",0.03,ppb
崙背站,05,葵烷,0,ppb
崙背站,05,"1,2,3-三甲基苯",0,ppb
崙背站,05,間-二乙基苯,0,ppb
崙背站,05,對-二乙基苯,0,ppbv
崙背站,05,正十一烷,0,ppbv
四湖站,05,乙烷,0.84,ppb
四湖站,05,乙烯,0.28,ppb
四湖站,05,丙烷,0.35,ppb
四湖站,05,丙烯,0,ppb
四湖站,05,異丁烷,0.12,ppb
四湖站,05,正丁烷,0.2,ppb
四湖站,05,乙炔,0.28,ppb
四湖站,05,反2-丁烯,0,ppb
四湖站,05,1-丁烯,0.19,ppb
四湖站,05,順2-丁烯,0,ppb
四湖站,05,環戊烷,0,ppb
四湖站,05,異戊烷,0.08,ppb
四湖站,05,正戊烷,0.05,ppb
四湖站,05,反2-戊烯,0,ppb
四湖站,05,1-戊烯,0,ppb
四湖站,05,順2-戊烯,0,ppb
四湖站,05,"2,2-二甲基丁烷",0,ppb
四湖站,05,"2,3-二甲基丁烷",0,ppb
四湖站,05,2-甲基戊烷,0,ppb
四湖站,05,3-甲基戊烷,0,ppb
四湖站,05,異戊二烯,0,ppb
四湖站,05,正己烷,0,ppb
四湖站,05,甲基環戊烷,0.03,ppb
四湖站,05,"2,4-二甲基戊烷",0,ppb
四湖站,05,苯,0.1,ppb
四湖站,05,環己烷,0,ppb
四湖站,05,2-甲基己烷,0,ppb
四湖站,05,"2,3-二甲基戊烷",0,ppb
四湖站,05,3-甲基己烷,0,ppb
四湖站,05,"2,2,4-三甲基戊烷",0,ppb
四湖站,05,正庚烷,0,ppb
四湖站,05,甲基環己烷,0,ppb
四湖站,05,"2,3,4-三甲基戊烷",0,ppb
四湖站,05,甲苯,0.22,ppb
四湖站,05,2-甲基庚烷,0,ppb
四湖站,05,3-甲基庚烷,0,ppb
四湖站,05,正辛烷,0,ppb
四湖站,05,乙苯,0.02,ppb
四湖站,05,"間,對二甲苯",0.04,ppb
四湖站,05,苯乙烯,0,ppb
四湖站,05,鄰二甲苯,0,ppb
四湖站,05,正壬烷,0,ppb
四湖站,05,異丙基苯,0,ppb
四湖站,05,正丙基苯,0,ppb
四湖站,05,間-乙基甲苯,0,ppb
四湖站,05,對-乙基甲苯,0,ppb
四湖站,05,"1,3,5-三甲基苯",0,ppb
四湖站,05,鄰-乙基甲苯,0,ppb
四湖站,05,"1,2,4-三甲基苯",0.02,ppb
四湖站,05,葵烷,0,ppb
四湖站,05,"1,2,3-三甲基苯",0.05,ppb
四湖站,05,間-二乙基苯,0,ppb
四湖站,05,對-二乙基苯,0,ppbv
四湖站,05,正十一烷,0,ppbv
東勢站,05,乙烷,0.83,ppb
東勢站,05,乙烯,0.33,ppb
東勢站,05,丙烷,0.92,ppb
東勢站,05,丙烯,0.18,ppb
東勢站,05,異丁烷,0.28,ppb
東勢站,05,正丁烷,0.55,ppb
東勢站,05,乙炔,0.14,ppb
東勢站,05,反2-丁烯,0.06,ppb
東勢站,05,1-丁烯,0.17,ppb
東勢站,05,順2-丁烯,0.04,ppb
東勢站,05,環戊烷,0.03,ppb
東勢站,05,異戊烷,0.2,ppb
東勢站,05,正戊烷,0.1,ppb
東勢站,05,反2-戊烯,0,ppb
東勢站,05,1-戊烯,0,ppb
東勢站,05,順2-戊烯,0,ppb
東勢站,05,"2,2-二甲基丁烷",0,ppb
東勢站,05,"2,3-二甲基丁烷",0,ppb
東勢站,05,2-甲基戊烷,0,ppb
東勢站,05,3-甲基戊烷,0,ppb
東勢站,05,異戊二烯,0,ppb
東勢站,05,正己烷,0,ppb
東勢站,05,甲基環戊烷,0,ppb
東勢站,05,"2,4-二甲基戊烷",0,ppb
東勢站,05,苯,0.07,ppb
東勢站,05,環己烷,0.04,ppb
東勢站,05,2-甲基己烷,0,ppb
東勢站,05,"2,3-二甲基戊烷",0,ppb
東勢站,05,3-甲基己烷,0.02,ppb
東勢站,05,"2,2,4-三甲基戊烷",0,ppb
東勢站,05,正庚烷,0,ppb
東勢站,05,甲基環己烷,0,ppb
東勢站,05,"2,3,4-三甲基戊烷",0,ppb
東勢站,05,甲苯,0.22,ppb
東勢站,05,2-甲基庚烷,0,ppb
東勢站,05,3-甲基庚烷,0,ppb
東勢站,05,正辛烷,0,ppb
東勢站,05,乙苯,0,ppb
東勢站,05,"間,對二甲苯",0.04,ppb
東勢站,05,苯乙烯,0,ppb
東勢站,05,鄰二甲苯,0,ppb
東勢站,05,正壬烷,0,ppb
東勢站,05,異丙基苯,0,ppb
東勢站,05,正丙基苯,0,ppb
東勢站,05,間-乙基甲苯,0,ppb
東勢站,05,對-乙基甲苯,0,ppb
東勢站,05,"1,3,5-三甲基苯",0,ppb
東勢站,05,鄰-乙基甲苯,0,ppb
東勢站,05,"1,2,4-三甲基苯",0,ppb
東勢站,05,葵烷,0,ppb
東勢站,05,"1,2,3-三甲基苯",0,ppb
東勢站,05,間-二乙基苯,0,ppb
東勢站,05,對-二乙基苯,0,ppbv
東勢站,05,正十一烷,0,ppbv
麥寮站,05,乙烷,0.8,ppb
麥寮站,05,乙烯,0.18,ppb
麥寮站,05,丙烷,0.28,ppb
麥寮站,05,丙烯,0,ppb
麥寮站,05,異丁烷,0.1,ppb
麥寮站,05,正丁烷,0.16,ppb
麥寮站,05,乙炔,0.19,ppb
麥寮站,05,反2-丁烯,0,ppb
麥寮站,05,1-丁烯,0.07,ppb
麥寮站,05,順2-丁烯,0,ppb
麥寮站,05,環戊烷,0.03,ppb
麥寮站,05,異戊烷,0.09,ppb
麥寮站,05,正戊烷,0.05,ppb
麥寮站,05,反2-戊烯,0,ppb
麥寮站,05,1-戊烯,0,ppb
麥寮站,05,順2-戊烯,0,ppb
麥寮站,05,"2,2-二甲基丁烷",0,ppb
麥寮站,05,"2,3-二甲基丁烷",0,ppb
麥寮站,05,2-甲基戊烷,0,ppb
麥寮站,05,3-甲基戊烷,0,ppb
麥寮站,05,異戊二烯,0,ppb
麥寮站,05,正己烷,0,ppb
麥寮站,05,甲基環戊烷,0,ppb
麥寮站,05,"2,4-二甲基戊烷",0,ppb
麥寮站,05,苯,0,ppb
麥寮站,05,環己烷,0,ppb
麥寮站,05,2-甲基己烷,0,ppb
麥寮站,05,"2,3-二甲基戊烷",0,ppb
麥寮站,05,3-甲基己烷,0,ppb
麥寮站,05,"2,2,4-三甲基戊烷",0,ppb
麥寮站,05,正庚烷,0,ppb
麥寮站,05,甲基環己烷,0,ppb
麥寮站,05,"2,3,4-三甲基戊烷",0,ppb
麥寮站,05,甲苯,0.19,ppb
麥寮站,05,2-甲基庚烷,0,ppb
麥寮站,05,3-甲基庚烷,0,ppb
麥寮站,05,正辛烷,0,ppb
麥寮站,05,乙苯,0,ppb
麥寮站,05,"間,對二甲苯",0.06,ppb
麥寮站,05,苯乙烯,0,ppb
麥寮站,05,鄰二甲苯,0.02,ppb
麥寮站,05,正壬烷,0,ppb
麥寮站,05,異丙基苯,0,ppb
麥寮站,05,正丙基苯,0,ppb
麥寮站,05,間-乙基甲苯,0,ppb
麥寮站,05,對-乙基甲苯,0,ppb
麥寮站,05,"1,3,5-三甲基苯",0,ppb
麥寮站,05,鄰-乙基甲苯,0,ppb
麥寮站,05,"1,2,4-三甲基苯",0,ppb
麥寮站,05,葵烷,0,ppb
麥寮站,05,"1,2,3-三甲基苯",0.01,ppb
麥寮站,05,間-二乙基苯,0,ppb
麥寮站,05,對-二乙基苯,0,ppbv
麥寮站,05,正十一烷,0,ppbv
台西站,05,乙烷,---,ppb
台西站,05,乙烯,---,ppb
台西站,05,丙烷,---,ppb
台西站,05,丙烯,---,ppb
台西站,05,異丁烷,---,ppb
台西站,05,正丁烷,---,ppb
台西站,05,乙炔,---,ppb
台西站,05,反2-丁烯,---,ppb
台西站,05,1-丁烯,---,ppb
台西站,05,順2-丁烯,---,ppb
台西站,05,環戊烷,---,ppb
台西站,05,異戊烷,---,ppb
台西站,05,正戊烷,---,ppb
台西站,05,反2-戊烯,---,ppb
台西站,05,1-戊烯,---,ppb
台西站,05,順2-戊烯,---,ppb
台西站,05,"2,2-二甲基丁烷",---,ppb
台西站,05,"2,3-二甲基丁烷",---,ppb
台西站,05,2-甲基戊烷,---,ppb
台西站,05,3-甲基戊烷,---,ppb
台西站,05,異戊二烯,---,ppb
台西站,05,正己烷,---,ppb
台西站,05,甲基環戊烷,---,ppb
台西站,05,"2,4-二甲基戊烷",---,ppb
台西站,05,苯,---,ppb
台西站,05,環己烷,---,ppb
台西站,05,2-甲基己烷,---,ppb
台西站,05,"2,3-二甲基戊烷",---,ppb
台西站,05,3-甲基己烷,---,ppb
台西站,05,"2,2,4-三甲基戊烷",---,ppb
台西站,05,正庚烷,---,ppb
台西站,05,甲基環己烷,---,ppb
台西站,05,"2,3,4-三甲基戊烷",---,ppb
台西站,05,甲苯,---,ppb
台西站,05,2-甲基庚烷,---,ppb
台西站,05,3-甲基庚烷,---,ppb
台西站,05,正辛烷,---,ppb
台西站,05,乙苯,---,ppb
台西站,05,"間,對二甲苯",---,ppb
台西站,05,苯乙烯,---,ppb
台西站,05,鄰二甲苯,---,ppb
台西站,05,正壬烷,---,ppb
台西站,05,異丙基苯,---,ppb
台西站,05,正丙基苯,---,ppb
台西站,05,間-乙基甲苯,---,ppb
台西站,05,對-乙基甲苯,---,ppb
台西站,05,"1,3,5-三甲基苯",---,ppb
台西站,05,鄰-乙基甲苯,---,ppb
台西站,05,"1,2,4-三甲基苯",---,ppb
台西站,05,葵烷,---,ppb
台西站,05,"1,2,3-三甲基苯",---,ppb
台西站,05,間-二乙基苯,---,ppb
台西站,05,對-二乙基苯,---,ppbv
台西站,05,正十一烷,---,ppbv
土庫站,05,乙烷,1.14,ppb
土庫站,05,乙烯,0.27,ppb
土庫站,05,丙烷,0.56,ppb
土庫站,05,丙烯,0,ppb
土庫站,05,異丁烷,0.16,ppb
土庫站,05,正丁烷,0.28,ppb
土庫站,05,乙炔,0.32,ppb
土庫站,05,反2-丁烯,0,ppb
土庫站,05,1-丁烯,0.05,ppb
土庫站,05,順2-丁烯,0,ppb
土庫站,05,環戊烷,0.02,ppb
土庫站,05,異戊烷,0.15,ppb
土庫站,05,正戊烷,0.07,ppb
土庫站,05,反2-戊烯,0,ppb
土庫站,05,1-戊烯,0,ppb
土庫站,05,順2-戊烯,0,ppb
土庫站,05,"2,2-二甲基丁烷",0,ppb
土庫站,05,"2,3-二甲基丁烷",0,ppb
土庫站,05,2-甲基戊烷,0.03,ppb
土庫站,05,3-甲基戊烷,0.03,ppb
土庫站,05,異戊二烯,0,ppb
土庫站,05,正己烷,0,ppb
土庫站,05,甲基環戊烷,0,ppb
土庫站,05,"2,4-二甲基戊烷",0,ppb
土庫站,05,苯,0.1,ppb
土庫站,05,環己烷,0.05,ppb
土庫站,05,2-甲基己烷,0,ppb
土庫站,05,"2,3-二甲基戊烷",0,ppb
土庫站,05,3-甲基己烷,0,ppb
土庫站,05,"2,2,4-三甲基戊烷",0,ppb
土庫站,05,正庚烷,0.02,ppb
土庫站,05,甲基環己烷,0,ppb
土庫站,05,"2,3,4-三甲基戊烷",0,ppb
土庫站,05,甲苯,0.33,ppb
土庫站,05,2-甲基庚烷,0,ppb
土庫站,05,3-甲基庚烷,0,ppb
土庫站,05,正辛烷,0,ppb
土庫站,05,乙苯,0,ppb
土庫站,05,"間,對二甲苯",0.07,ppb
土庫站,05,苯乙烯,0,ppb
土庫站,05,鄰二甲苯,0.02,ppb
土庫站,05,正壬烷,0,ppb
土庫站,05,異丙基苯,0,ppb
土庫站,05,正丙基苯,0,ppb
土庫站,05,間-乙基甲苯,0.01,ppb
土庫站,05,對-乙基甲苯,0,ppb
土庫站,05,"1,3,5-三甲基苯",0,ppb
土庫站,05,鄰-乙基甲苯,0,ppb
土庫站,05,"1,2,4-三甲基苯",0,ppb
土庫站,05,葵烷,0,ppb
土庫站,05,"1,2,3-三甲基苯",0.02,ppb
土庫站,05,間-二乙基苯,0,ppb
土庫站,05,對-二乙基苯,0,ppbv
土庫站,05,正十一烷,0,ppbv
西螺站,05,乙烷,1.77,ppb
西螺站,05,乙烯,1.26,ppb
西螺站,05,丙烷,1.17,ppb
西螺站,05,丙烯,0.34,ppb
西螺站,05,異丁烷,0.38,ppb
西螺站,05,正丁烷,0.81,ppb
西螺站,05,乙炔,0.8,ppb
西螺站,05,反2-丁烯,0,ppb
西螺站,05,1-丁烯,0.11,ppb
西螺站,05,順2-丁烯,0,ppb
西螺站,05,環戊烷,0.07,ppb
西螺站,05,異戊烷,0.33,ppb
西螺站,05,正戊烷,0.12,ppb
西螺站,05,反2-戊烯,0.01,ppb
西螺站,05,1-戊烯,0,ppb
西螺站,05,順2-戊烯,0,ppb
西螺站,05,"2,2-二甲基丁烷",0,ppb
西螺站,05,"2,3-二甲基丁烷",0.1,ppb
西螺站,05,2-甲基戊烷,0.08,ppb
西螺站,05,3-甲基戊烷,0,ppb
西螺站,05,異戊二烯,0,ppb
西螺站,05,正己烷,0.07,ppb
西螺站,05,甲基環戊烷,0.06,ppb
西螺站,05,"2,4-二甲基戊烷",0,ppb
西螺站,05,苯,0.26,ppb
西螺站,05,環己烷,0.05,ppb
西螺站,05,2-甲基己烷,0,ppb
西螺站,05,"2,3-二甲基戊烷",0,ppb
西螺站,05,3-甲基己烷,0.03,ppb
西螺站,05,"2,2,4-三甲基戊烷",0.04,ppb
西螺站,05,正庚烷,0.04,ppb
西螺站,05,甲基環己烷,0,ppb
西螺站,05,"2,3,4-三甲基戊烷",0.01,ppb
西螺站,05,甲苯,0.74,ppb
西螺站,05,2-甲基庚烷,0,ppb
西螺站,05,3-甲基庚烷,0,ppb
西螺站,05,正辛烷,0,ppb
西螺站,05,乙苯,0.05,ppb
西螺站,05,"間,對二甲苯",0.19,ppb
西螺站,05,苯乙烯,0,ppb
西螺站,05,鄰二甲苯,0.05,ppb
西螺站,05,正壬烷,0,ppb
西螺站,05,異丙基苯,0,ppb
西螺站,05,正丙基苯,0,ppb
西螺站,05,間-乙基甲苯,0.02,ppb
西螺站,05,對-乙基甲苯,0,ppb
西螺站,05,"1,3,5-三甲基苯",0.01,ppb
西螺站,05,鄰-乙基甲苯,0.01,ppb
西螺站,05,"1,2,4-三甲基苯",0.03,ppb
西螺站,05,葵烷,0.02,ppb
西螺站,05,"1,2,3-三甲基苯",0.05,ppb
西螺站,05,間-二乙基苯,0.01,ppb
西螺站,05,對-二乙基苯,0.01,ppbv
西螺站,05,正十一烷,0.02,ppbv
大城站,06,乙烷,0.92,ppb
大城站,06,乙烯,0.25,ppb
大城站,06,丙烷,0.45,ppb
大城站,06,丙烯,0,ppb
大城站,06,異丁烷,0.23,ppb
大城站,06,正丁烷,0.45,ppb
大城站,06,乙炔,0.27,ppb
大城站,06,反2-丁烯,0.03,ppb
大城站,06,1-丁烯,0.07,ppb
大城站,06,順2-丁烯,0,ppb
大城站,06,環戊烷,0.03,ppb
大城站,06,異戊烷,0.29,ppb
大城站,06,正戊烷,0.1,ppb
大城站,06,反2-戊烯,0,ppb
大城站,06,1-戊烯,0,ppb
大城站,06,順2-戊烯,0,ppb
大城站,06,"2,2-二甲基丁烷",0,ppb
大城站,06,"2,3-二甲基丁烷",0,ppb
大城站,06,2-甲基戊烷,0.03,ppb
大城站,06,3-甲基戊烷,0.03,ppb
大城站,06,異戊二烯,0,ppb
大城站,06,正己烷,0.01,ppb
大城站,06,甲基環戊烷,0,ppb
大城站,06,"2,4-二甲基戊烷",0,ppb
大城站,06,苯,0.01,ppb
大城站,06,環己烷,0,ppb
大城站,06,2-甲基己烷,0,ppb
大城站,06,"2,3-二甲基戊烷",0,ppb
大城站,06,3-甲基己烷,0.01,ppb
大城站,06,"2,2,4-三甲基戊烷",0,ppb
大城站,06,正庚烷,0,ppb
大城站,06,甲基環己烷,0,ppb
大城站,06,"2,3,4-三甲基戊烷",0,ppb
大城站,06,甲苯,0.21,ppb
大城站,06,2-甲基庚烷,0,ppb
大城站,06,3-甲基庚烷,0,ppb
大城站,06,正辛烷,0,ppb
大城站,06,乙苯,0,ppb
大城站,06,"間,對二甲苯",0.02,ppb
大城站,06,苯乙烯,0,ppb
大城站,06,鄰二甲苯,0,ppb
大城站,06,正壬烷,0,ppb
大城站,06,異丙基苯,0,ppb
大城站,06,正丙基苯,0,ppb
大城站,06,間-乙基甲苯,0,ppb
大城站,06,對-乙基甲苯,0,ppb
大城站,06,"1,3,5-三甲基苯",0,ppb
大城站,06,鄰-乙基甲苯,0,ppb
大城站,06,"1,2,4-三甲基苯",0,ppb
大城站,06,葵烷,0,ppb
大城站,06,"1,2,3-三甲基苯",0,ppb
大城站,06,間-二乙基苯,0,ppb
大城站,06,對-二乙基苯,0,ppbv
大城站,06,正十一烷,0,ppbv
東石站,06,乙烷,1.3,ppb
東石站,06,乙烯,0.47,ppb
東石站,06,丙烷,0.91,ppb
東石站,06,丙烯,0.16,ppb
東石站,06,異丁烷,0.26,ppb
東石站,06,正丁烷,0.46,ppb
東石站,06,乙炔,0.3,ppb
東石站,06,反2-丁烯,0.02,ppb
東石站,06,1-丁烯,0.12,ppb
東石站,06,順2-丁烯,0,ppb
東石站,06,環戊烷,0,ppb
東石站,06,異戊烷,0.17,ppb
東石站,06,正戊烷,0.09,ppb
東石站,06,反2-戊烯,0,ppb
東石站,06,1-戊烯,0,ppb
東石站,06,順2-戊烯,0,ppb
東石站,06,"2,2-二甲基丁烷",0,ppb
東石站,06,"2,3-二甲基丁烷",0,ppb
東石站,06,2-甲基戊烷,0.04,ppb
東石站,06,3-甲基戊烷,0,ppb
東石站,06,異戊二烯,0,ppb
東石站,06,正己烷,0.03,ppb
東石站,06,甲基環戊烷,0,ppb
東石站,06,"2,4-二甲基戊烷",0,ppb
東石站,06,苯,0.14,ppb
東石站,06,環己烷,0,ppb
東石站,06,2-甲基己烷,0.01,ppb
東石站,06,"2,3-二甲基戊烷",0,ppb
東石站,06,3-甲基己烷,0.03,ppb
東石站,06,"2,2,4-三甲基戊烷",0.01,ppb
東石站,06,正庚烷,0,ppb
東石站,06,甲基環己烷,0,ppb
東石站,06,"2,3,4-三甲基戊烷",0,ppb
東石站,06,甲苯,0.44,ppb
東石站,06,2-甲基庚烷,0,ppb
東石站,06,3-甲基庚烷,0,ppb
東石站,06,正辛烷,0,ppb
東石站,06,乙苯,0.04,ppb
東石站,06,"間,對二甲苯",0.09,ppb
東石站,06,苯乙烯,0,ppb
東石站,06,鄰二甲苯,0.04,ppb
東石站,06,正壬烷,0,ppb
東石站,06,異丙基苯,0,ppb
東石站,06,正丙基苯,0,ppb
東石站,06,間-乙基甲苯,0.02,ppb
東石站,06,對-乙基甲苯,0,ppb
東石站,06,"1,3,5-三甲基苯",0,ppb
東石站,06,鄰-乙基甲苯,0,ppb
東石站,06,"1,2,4-三甲基苯",0.03,ppb
東石站,06,葵烷,0.01,ppb
東石站,06,"1,2,3-三甲基苯",0.03,ppb
東石站,06,間-二乙基苯,0,ppb
東石站,06,對-二乙基苯,0.01,ppbv
東石站,06,正十一烷,0,ppbv
褒忠站,06,乙烷,1.47,ppb
褒忠站,06,乙烯,0.49,ppb
褒忠站,06,丙烷,1.1,ppb
褒忠站,06,丙烯,0.17,ppb
褒忠站,06,異丁烷,0.48,ppb
褒忠站,06,正丁烷,0.88,ppb
褒忠站,06,乙炔,0.2,ppb
褒忠站,06,反2-丁烯,0,ppb
褒忠站,06,1-丁烯,0.3,ppb
褒忠站,06,順2-丁烯,0,ppb
褒忠站,06,環戊烷,0.04,ppb
褒忠站,06,異戊烷,0.34,ppb
褒忠站,06,正戊烷,0.15,ppb
褒忠站,06,反2-戊烯,0,ppb
褒忠站,06,1-戊烯,0,ppb
褒忠站,06,順2-戊烯,0,ppb
褒忠站,06,"2,2-二甲基丁烷",0,ppb
褒忠站,06,"2,3-二甲基丁烷",0,ppb
褒忠站,06,2-甲基戊烷,0,ppb
褒忠站,06,3-甲基戊烷,0,ppb
褒忠站,06,異戊二烯,0,ppb
褒忠站,06,正己烷,0.07,ppb
褒忠站,06,甲基環戊烷,0.07,ppb
褒忠站,06,"2,4-二甲基戊烷",0,ppb
褒忠站,06,苯,0.11,ppb
褒忠站,06,環己烷,0.05,ppb
褒忠站,06,2-甲基己烷,0.04,ppb
褒忠站,06,"2,3-二甲基戊烷",0,ppb
褒忠站,06,3-甲基己烷,0.03,ppb
褒忠站,06,"2,2,4-三甲基戊烷",0,ppb
褒忠站,06,正庚烷,0,ppb
褒忠站,06,甲基環己烷,0.02,ppb
褒忠站,06,"2,3,4-三甲基戊烷",0,ppb
褒忠站,06,甲苯,0.76,ppb
褒忠站,06,2-甲基庚烷,0,ppb
褒忠站,06,3-甲基庚烷,0,ppb
褒忠站,06,正辛烷,0,ppb
褒忠站,06,乙苯,0.05,ppb
褒忠站,06,"間,對二甲苯",0.11,ppb
褒忠站,06,苯乙烯,0,ppb
褒忠站,06,鄰二甲苯,0.06,ppb
褒忠站,06,正壬烷,0,ppb
褒忠站,06,異丙基苯,0,ppb
褒忠站,06,正丙基苯,0,ppb
褒忠站,06,間-乙基甲苯,0.03,ppb
褒忠站,06,對-乙基甲苯,0,ppb
褒忠站,06,"1,3,5-三甲基苯",0,ppb
褒忠站,06,鄰-乙基甲苯,0,ppb
褒忠站,06,"1,2,4-三甲基苯",0.03,ppb
褒忠站,06,葵烷,0,ppb
褒忠站,06,"1,2,3-三甲基苯",0.04,ppb
褒忠站,06,間-二乙基苯,0.01,ppb
褒忠站,06,對-二乙基苯,0.01,ppbv
褒忠站,06,正十一烷,0.01,ppbv
崙背站,06,乙烷,1.01,ppb
崙背站,06,乙烯,0.37,ppb
崙背站,06,丙烷,0.69,ppb
崙背站,06,丙烯,0.1,ppb
崙背站,06,異丁烷,0.31,ppb
崙背站,06,正丁烷,0.53,ppb
崙背站,06,乙炔,0.2,ppb
崙背站,06,反2-丁烯,0,ppb
崙背站,06,1-丁烯,0.09,ppb
崙背站,06,順2-丁烯,0,ppb
崙背站,06,環戊烷,0.04,ppb
崙背站,06,異戊烷,0.27,ppb
崙背站,06,正戊烷,0.12,ppb
崙背站,06,反2-戊烯,0,ppb
崙背站,06,1-戊烯,0,ppb
崙背站,06,順2-戊烯,0,ppb
崙背站,06,"2,2-二甲基丁烷",0,ppb
崙背站,06,"2,3-二甲基丁烷",0,ppb
崙背站,06,2-甲基戊烷,0.05,ppb
崙背站,06,3-甲基戊烷,0.04,ppb
崙背站,06,異戊二烯,0,ppb
崙背站,06,正己烷,0,ppb
崙背站,06,甲基環戊烷,0,ppb
崙背站,06,"2,4-二甲基戊烷",0,ppb
崙背站,06,苯,0,ppb
崙背站,06,環己烷,0,ppb
崙背站,06,2-甲基己烷,0,ppb
崙背站,06,"2,3-二甲基戊烷",0,ppb
崙背站,06,3-甲基己烷,0,ppb
崙背站,06,"2,2,4-三甲基戊烷",0,ppb
崙背站,06,正庚烷,0,ppb
崙背站,06,甲基環己烷,0,ppb
崙背站,06,"2,3,4-三甲基戊烷",0,ppb
崙背站,06,甲苯,0.4,ppb
崙背站,06,2-甲基庚烷,0,ppb
崙背站,06,3-甲基庚烷,0,ppb
崙背站,06,正辛烷,0,ppb
崙背站,06,乙苯,0.02,ppb
崙背站,06,"間,對二甲苯",0.1,ppb
崙背站,06,苯乙烯,0,ppb
崙背站,06,鄰二甲苯,0.03,ppb
崙背站,06,正壬烷,0,ppb
崙背站,06,異丙基苯,0,ppb
崙背站,06,正丙基苯,0,ppb
崙背站,06,間-乙基甲苯,0,ppb
崙背站,06,對-乙基甲苯,0,ppb
崙背站,06,"1,3,5-三甲基苯",0,ppb
崙背站,06,鄰-乙基甲苯,0,ppb
崙背站,06,"1,2,4-三甲基苯",0.04,ppb
崙背站,06,葵烷,0,ppb
崙背站,06,"1,2,3-三甲基苯",0.01,ppb
崙背站,06,間-二乙基苯,0,ppb
崙背站,06,對-二乙基苯,0,ppbv
崙背站,06,正十一烷,0.01,ppbv
四湖站,06,乙烷,1.05,ppb
四湖站,06,乙烯,0.36,ppb
四湖站,06,丙烷,0.66,ppb
四湖站,06,丙烯,0.12,ppb
四湖站,06,異丁烷,0.21,ppb
四湖站,06,正丁烷,0.4,ppb
四湖站,06,乙炔,0.45,ppb
四湖站,06,反2-丁烯,0.02,ppb
四湖站,06,1-丁烯,0.21,ppb
四湖站,06,順2-丁烯,0,ppb
四湖站,06,環戊烷,0,ppb
四湖站,06,異戊烷,0.16,ppb
四湖站,06,正戊烷,0.08,ppb
四湖站,06,反2-戊烯,0,ppb
四湖站,06,1-戊烯,0,ppb
四湖站,06,順2-戊烯,0,ppb
四湖站,06,"2,2-二甲基丁烷",0,ppb
四湖站,06,"2,3-二甲基丁烷",0,ppb
四湖站,06,2-甲基戊烷,0.02,ppb
四湖站,06,3-甲基戊烷,0.02,ppb
四湖站,06,異戊二烯,0,ppb
四湖站,06,正己烷,0.03,ppb
四湖站,06,甲基環戊烷,0.05,ppb
四湖站,06,"2,4-二甲基戊烷",0,ppb
四湖站,06,苯,0.14,ppb
四湖站,06,環己烷,0,ppb
四湖站,06,2-甲基己烷,0.02,ppb
四湖站,06,"2,3-二甲基戊烷",0,ppb
四湖站,06,3-甲基己烷,0.03,ppb
四湖站,06,"2,2,4-三甲基戊烷",0,ppb
四湖站,06,正庚烷,0,ppb
四湖站,06,甲基環己烷,0,ppb
四湖站,06,"2,3,4-三甲基戊烷",0,ppb
四湖站,06,甲苯,0.38,ppb
四湖站,06,2-甲基庚烷,0,ppb
四湖站,06,3-甲基庚烷,0,ppb
四湖站,06,正辛烷,0,ppb
四湖站,06,乙苯,0.03,ppb
四湖站,06,"間,對二甲苯",0.1,ppb
四湖站,06,苯乙烯,0,ppb
四湖站,06,鄰二甲苯,0.03,ppb
四湖站,06,正壬烷,0,ppb
四湖站,06,異丙基苯,0,ppb
四湖站,06,正丙基苯,0,ppb
四湖站,06,間-乙基甲苯,0.01,ppb
四湖站,06,對-乙基甲苯,0,ppb
四湖站,06,"1,3,5-三甲基苯",0.01,ppb
四湖站,06,鄰-乙基甲苯,0,ppb
四湖站,06,"1,2,4-三甲基苯",0.04,ppb
四湖站,06,葵烷,0,ppb
四湖站,06,"1,2,3-三甲基苯",0.05,ppb
四湖站,06,間-二乙基苯,0,ppb
四湖站,06,對-二乙基苯,0,ppbv
四湖站,06,正十一烷,0.01,ppbv
東勢站,06,乙烷,1.16,ppb
東勢站,06,乙烯,0.48,ppb
東勢站,06,丙烷,1.7,ppb
東勢站,06,丙烯,0.27,ppb
東勢站,06,異丁烷,0.56,ppb
東勢站,06,正丁烷,1,ppb
東勢站,06,乙炔,0.24,ppb
東勢站,06,反2-丁烯,0.06,ppb
東勢站,06,1-丁烯,0.2,ppb
東勢站,06,順2-丁烯,0.04,ppb
東勢站,06,環戊烷,0.04,ppb
東勢站,06,異戊烷,0.34,ppb
東勢站,06,正戊烷,0.14,ppb
東勢站,06,反2-戊烯,0.02,ppb
東勢站,06,1-戊烯,0,ppb
東勢站,06,順2-戊烯,0,ppb
東勢站,06,"2,2-二甲基丁烷",0,ppb
東勢站,06,"2,3-二甲基丁烷",0.05,ppb
東勢站,06,2-甲基戊烷,0.07,ppb
東勢站,06,3-甲基戊烷,0,ppb
東勢站,06,異戊二烯,0,ppb
東勢站,06,正己烷,0.03,ppb
東勢站,06,甲基環戊烷,0.03,ppb
東勢站,06,"2,4-二甲基戊烷",0,ppb
東勢站,06,苯,0.09,ppb
東勢站,06,環己烷,0.02,ppb
東勢站,06,2-甲基己烷,0.03,ppb
東勢站,06,"2,3-二甲基戊烷",0,ppb
東勢站,06,3-甲基己烷,0.04,ppb
東勢站,06,"2,2,4-三甲基戊烷",0.04,ppb
東勢站,06,正庚烷,0.04,ppb
東勢站,06,甲基環己烷,0,ppb
東勢站,06,"2,3,4-三甲基戊烷",0.02,ppb
東勢站,06,甲苯,0.49,ppb
東勢站,06,2-甲基庚烷,0,ppb
東勢站,06,3-甲基庚烷,0,ppb
東勢站,06,正辛烷,0,ppb
東勢站,06,乙苯,0,ppb
東勢站,06,"間,對二甲苯",0.11,ppb
東勢站,06,苯乙烯,0,ppb
東勢站,06,鄰二甲苯,0,ppb
東勢站,06,正壬烷,0,ppb
東勢站,06,異丙基苯,0,ppb
東勢站,06,正丙基苯,0,ppb
東勢站,06,間-乙基甲苯,0,ppb
東勢站,06,對-乙基甲苯,0,ppb
東勢站,06,"1,3,5-三甲基苯",0,ppb
東勢站,06,鄰-乙基甲苯,0,ppb
東勢站,06,"1,2,4-三甲基苯",0,ppb
東勢站,06,葵烷,0,ppb
東勢站,06,"1,2,3-三甲基苯",0,ppb
東勢站,06,間-二乙基苯,0,ppb
東勢站,06,對-二乙基苯,0,ppbv
東勢站,06,正十一烷,0.01,ppbv
麥寮站,06,乙烷,0.79,ppb
麥寮站,06,乙烯,0.25,ppb
麥寮站,06,丙烷,0.39,ppb
麥寮站,06,丙烯,0,ppb
麥寮站,06,異丁烷,0.2,ppb
麥寮站,06,正丁烷,0.34,ppb
麥寮站,06,乙炔,0.2,ppb
麥寮站,06,反2-丁烯,0,ppb
麥寮站,06,1-丁烯,0.09,ppb
麥寮站,06,順2-丁烯,0,ppb
麥寮站,06,環戊烷,0.05,ppb
麥寮站,06,異戊烷,0.28,ppb
麥寮站,06,正戊烷,0.11,ppb
麥寮站,06,反2-戊烯,0,ppb
麥寮站,06,1-戊烯,0,ppb
麥寮站,06,順2-戊烯,0,ppb
麥寮站,06,"2,2-二甲基丁烷",0,ppb
麥寮站,06,"2,3-二甲基丁烷",0,ppb
麥寮站,06,2-甲基戊烷,0.03,ppb
麥寮站,06,3-甲基戊烷,0,ppb
麥寮站,06,異戊二烯,0,ppb
麥寮站,06,正己烷,0,ppb
麥寮站,06,甲基環戊烷,0,ppb
麥寮站,06,"2,4-二甲基戊烷",0,ppb
麥寮站,06,苯,0.03,ppb
麥寮站,06,環己烷,0,ppb
麥寮站,06,2-甲基己烷,0,ppb
麥寮站,06,"2,3-二甲基戊烷",0,ppb
麥寮站,06,3-甲基己烷,0,ppb
麥寮站,06,"2,2,4-三甲基戊烷",0,ppb
麥寮站,06,正庚烷,0,ppb
麥寮站,06,甲基環己烷,0,ppb
麥寮站,06,"2,3,4-三甲基戊烷",0,ppb
麥寮站,06,甲苯,0.35,ppb
麥寮站,06,2-甲基庚烷,0,ppb
麥寮站,06,3-甲基庚烷,0,ppb
麥寮站,06,正辛烷,0,ppb
麥寮站,06,乙苯,0.02,ppb
麥寮站,06,"間,對二甲苯",0.08,ppb
麥寮站,06,苯乙烯,0,ppb
麥寮站,06,鄰二甲苯,0.03,ppb
麥寮站,06,正壬烷,0,ppb
麥寮站,06,異丙基苯,0,ppb
麥寮站,06,正丙基苯,0,ppb
麥寮站,06,間-乙基甲苯,0.01,ppb
麥寮站,06,對-乙基甲苯,0,ppb
麥寮站,06,"1,3,5-三甲基苯",0,ppb
麥寮站,06,鄰-乙基甲苯,0,ppb
麥寮站,06,"1,2,4-三甲基苯",0.02,ppb
麥寮站,06,葵烷,0,ppb
麥寮站,06,"1,2,3-三甲基苯",0.02,ppb
麥寮站,06,間-二乙基苯,0,ppb
麥寮站,06,對-二乙基苯,0,ppbv
麥寮站,06,正十一烷,0,ppbv
台西站,06,乙烷,---,ppb
台西站,06,乙烯,---,ppb
台西站,06,丙烷,---,ppb
台西站,06,丙烯,---,ppb
台西站,06,異丁烷,---,ppb
台西站,06,正丁烷,---,ppb
台西站,06,乙炔,---,ppb
台西站,06,反2-丁烯,---,ppb
台西站,06,1-丁烯,---,ppb
台西站,06,順2-丁烯,---,ppb
台西站,06,環戊烷,---,ppb
台西站,06,異戊烷,---,ppb
台西站,06,正戊烷,---,ppb
台西站,06,反2-戊烯,---,ppb
台西站,06,1-戊烯,---,ppb
台西站,06,順2-戊烯,---,ppb
台西站,06,"2,2-二甲基丁烷",---,ppb
台西站,06,"2,3-二甲基丁烷",---,ppb
台西站,06,2-甲基戊烷,---,ppb
台西站,06,3-甲基戊烷,---,ppb
台西站,06,異戊二烯,---,ppb
台西站,06,正己烷,---,ppb
台西站,06,甲基環戊烷,---,ppb
台西站,06,"2,4-二甲基戊烷",---,ppb
台西站,06,苯,---,ppb
台西站,06,環己烷,---,ppb
台西站,06,2-甲基己烷,---,ppb
台西站,06,"2,3-二甲基戊烷",---,ppb
台西站,06,3-甲基己烷,---,ppb
台西站,06,"2,2,4-三甲基戊烷",---,ppb
台西站,06,正庚烷,---,ppb
台西站,06,甲基環己烷,---,ppb
台西站,06,"2,3,4-三甲基戊烷",---,ppb
台西站,06,甲苯,---,ppb
台西站,06,2-甲基庚烷,---,ppb
台西站,06,3-甲基庚烷,---,ppb
台西站,06,正辛烷,---,ppb
台西站,06,乙苯,---,ppb
台西站,06,"間,對二甲苯",---,ppb
台西站,06,苯乙烯,---,ppb
台西站,06,鄰二甲苯,---,ppb
台西站,06,正壬烷,---,ppb
台西站,06,異丙基苯,---,ppb
台西站,06,正丙基苯,---,ppb
台西站,06,間-乙基甲苯,---,ppb
台西站,06,對-乙基甲苯,---,ppb
台西站,06,"1,3,5-三甲基苯",---,ppb
台西站,06,鄰-乙基甲苯,---,ppb
台西站,06,"1,2,4-三甲基苯",---,ppb
台西站,06,葵烷,---,ppb
台西站,06,"1,2,3-三甲基苯",---,ppb
台西站,06,間-二乙基苯,---,ppb
台西站,06,對-二乙基苯,---,ppbv
台西站,06,正十一烷,---,ppbv
土庫站,06,乙烷,1.78,ppb
土庫站,06,乙烯,0.71,ppb
土庫站,06,丙烷,1.31,ppb
土庫站,06,丙烯,0.22,ppb
土庫站,06,異丁烷,0.45,ppb
土庫站,06,正丁烷,0.82,ppb
土庫站,06,乙炔,0.68,ppb
土庫站,06,反2-丁烯,0.04,ppb
土庫站,06,1-丁烯,0.11,ppb
土庫站,06,順2-丁烯,0,ppb
土庫站,06,環戊烷,0.05,ppb
土庫站,06,異戊烷,0.36,ppb
土庫站,06,正戊烷,0.15,ppb
土庫站,06,反2-戊烯,0,ppb
土庫站,06,1-戊烯,0,ppb
土庫站,06,順2-戊烯,0,ppb
土庫站,06,"2,2-二甲基丁烷",0,ppb
土庫站,06,"2,3-二甲基丁烷",0.03,ppb
土庫站,06,2-甲基戊烷,0.09,ppb
土庫站,06,3-甲基戊烷,0.08,ppb
土庫站,06,異戊二烯,0,ppb
土庫站,06,正己烷,0.02,ppb
土庫站,06,甲基環戊烷,0.05,ppb
土庫站,06,"2,4-二甲基戊烷",0,ppb
土庫站,06,苯,0.18,ppb
土庫站,06,環己烷,0.04,ppb
土庫站,06,2-甲基己烷,0.05,ppb
土庫站,06,"2,3-二甲基戊烷",0,ppb
土庫站,06,3-甲基己烷,0.07,ppb
土庫站,06,"2,2,4-三甲基戊烷",0.03,ppb
土庫站,06,正庚烷,0.04,ppb
土庫站,06,甲基環己烷,0.02,ppb
土庫站,06,"2,3,4-三甲基戊烷",0,ppb
土庫站,06,甲苯,0.77,ppb
土庫站,06,2-甲基庚烷,0,ppb
土庫站,06,3-甲基庚烷,0,ppb
土庫站,06,正辛烷,0,ppb
土庫站,06,乙苯,0.05,ppb
土庫站,06,"間,對二甲苯",0.17,ppb
土庫站,06,苯乙烯,0,ppb
土庫站,06,鄰二甲苯,0.06,ppb
土庫站,06,正壬烷,0.01,ppb
土庫站,06,異丙基苯,0,ppb
土庫站,06,正丙基苯,0,ppb
土庫站,06,間-乙基甲苯,0.02,ppb
土庫站,06,對-乙基甲苯,0,ppb
土庫站,06,"1,3,5-三甲基苯",0,ppb
土庫站,06,鄰-乙基甲苯,0,ppb
土庫站,06,"1,2,4-三甲基苯",0.04,ppb
土庫站,06,葵烷,0,ppb
土庫站,06,"1,2,3-三甲基苯",0.02,ppb
土庫站,06,間-二乙基苯,0,ppb
土庫站,06,對-二乙基苯,0,ppbv
土庫站,06,正十一烷,0.01,ppbv
西螺站,06,乙烷,1.8,ppb
西螺站,06,乙烯,0.78,ppb
西螺站,06,丙烷,1.56,ppb
西螺站,06,丙烯,0.29,ppb
西螺站,06,異丁烷,0.59,ppb
西螺站,06,正丁烷,1.21,ppb
西螺站,06,乙炔,0.66,ppb
西螺站,06,反2-丁烯,0.06,ppb
西螺站,06,1-丁烯,0.11,ppb
西螺站,06,順2-丁烯,0,ppb
西螺站,06,環戊烷,0.08,ppb
西螺站,06,異戊烷,0.49,ppb
西螺站,06,正戊烷,0.17,ppb
西螺站,06,反2-戊烯,0,ppb
西螺站,06,1-戊烯,0,ppb
西螺站,06,順2-戊烯,0,ppb
西螺站,06,"2,2-二甲基丁烷",0,ppb
西螺站,06,"2,3-二甲基丁烷",0.05,ppb
西螺站,06,2-甲基戊烷,0.14,ppb
西螺站,06,3-甲基戊烷,0.09,ppb
西螺站,06,異戊二烯,0,ppb
西螺站,06,正己烷,0.07,ppb
西螺站,06,甲基環戊烷,0.07,ppb
西螺站,06,"2,4-二甲基戊烷",0,ppb
西螺站,06,苯,0.04,ppb
西螺站,06,環己烷,0.05,ppb
西螺站,06,2-甲基己烷,0.04,ppb
西螺站,06,"2,3-二甲基戊烷",0.03,ppb
西螺站,06,3-甲基己烷,0.08,ppb
西螺站,06,"2,2,4-三甲基戊烷",0.04,ppb
西螺站,06,正庚烷,0.02,ppb
西螺站,06,甲基環己烷,0.03,ppb
西螺站,06,"2,3,4-三甲基戊烷",0,ppb
西螺站,06,甲苯,0.94,ppb
西螺站,06,2-甲基庚烷,0,ppb
西螺站,06,3-甲基庚烷,0,ppb
西螺站,06,正辛烷,0.01,ppb
西螺站,06,乙苯,0.07,ppb
西螺站,06,"間,對二甲苯",0.19,ppb
西螺站,06,苯乙烯,0,ppb
西螺站,06,鄰二甲苯,0.06,ppb
西螺站,06,正壬烷,0,ppb
西螺站,06,異丙基苯,0,ppb
西螺站,06,正丙基苯,0,ppb
西螺站,06,間-乙基甲苯,0.03,ppb
西螺站,06,對-乙基甲苯,0,ppb
西螺站,06,"1,3,5-三甲基苯",0.01,ppb
西螺站,06,鄰-乙基甲苯,0.01,ppb
西螺站,06,"1,2,4-三甲基苯",0.06,ppb
西螺站,06,葵烷,0.01,ppb
西螺站,06,"1,2,3-三甲基苯",0.03,ppb
西螺站,06,間-二乙基苯,0,ppb
西螺站,06,對-二乙基苯,0,ppbv
西螺站,06,正十一烷,0.02,ppbv
大城站,07,乙烷,1.63,ppb
大城站,07,乙烯,0.76,ppb
大城站,07,丙烷,0.96,ppb
大城站,07,丙烯,0.21,ppb
大城站,07,異丁烷,0.37,ppb
大城站,07,正丁烷,0.74,ppb
大城站,07,乙炔,0.55,ppb
大城站,07,反2-丁烯,0,ppb
大城站,07,1-丁烯,0.08,ppb
大城站,07,順2-丁烯,0,ppb
大城站,07,環戊烷,0.05,ppb
大城站,07,異戊烷,0.4,ppb
大城站,07,正戊烷,0.18,ppb
大城站,07,反2-戊烯,0,ppb
大城站,07,1-戊烯,0,ppb
大城站,07,順2-戊烯,0,ppb
大城站,07,"2,2-二甲基丁烷",0,ppb
大城站,07,"2,3-二甲基丁烷",0.03,ppb
大城站,07,2-甲基戊烷,0.07,ppb
大城站,07,3-甲基戊烷,0.07,ppb
大城站,07,異戊二烯,0,ppb
大城站,07,正己烷,0.05,ppb
大城站,07,甲基環戊烷,0.06,ppb
大城站,07,"2,4-二甲基戊烷",0,ppb
大城站,07,苯,0.11,ppb
大城站,07,環己烷,0.01,ppb
大城站,07,2-甲基己烷,0.03,ppb
大城站,07,"2,3-二甲基戊烷",0,ppb
大城站,07,3-甲基己烷,0.06,ppb
大城站,07,"2,2,4-三甲基戊烷",0.03,ppb
大城站,07,正庚烷,0,ppb
大城站,07,甲基環己烷,0.02,ppb
大城站,07,"2,3,4-三甲基戊烷",0.02,ppb
大城站,07,甲苯,0.57,ppb
大城站,07,2-甲基庚烷,0,ppb
大城站,07,3-甲基庚烷,0,ppb
大城站,07,正辛烷,0,ppb
大城站,07,乙苯,0.03,ppb
大城站,07,"間,對二甲苯",0.09,ppb
大城站,07,苯乙烯,0,ppb
大城站,07,鄰二甲苯,0,ppb
大城站,07,正壬烷,0,ppb
大城站,07,異丙基苯,0,ppb
大城站,07,正丙基苯,0,ppb
大城站,07,間-乙基甲苯,0,ppb
大城站,07,對-乙基甲苯,0,ppb
大城站,07,"1,3,5-三甲基苯",0,ppb
大城站,07,鄰-乙基甲苯,0,ppb
大城站,07,"1,2,4-三甲基苯",0.02,ppb
大城站,07,葵烷,0,ppb
大城站,07,"1,2,3-三甲基苯",0,ppb
大城站,07,間-二乙基苯,0,ppb
大城站,07,對-二乙基苯,0,ppbv
大城站,07,正十一烷,0,ppbv
東石站,07,乙烷,1.24,ppb
東石站,07,乙烯,0.37,ppb
東石站,07,丙烷,0.85,ppb
東石站,07,丙烯,0.2,ppb
東石站,07,異丁烷,0.37,ppb
東石站,07,正丁烷,0.6,ppb
東石站,07,乙炔,0.25,ppb
東石站,07,反2-丁烯,0,ppb
東石站,07,1-丁烯,0.13,ppb
東石站,07,順2-丁烯,0.04,ppb
東石站,07,環戊烷,0,ppb
東石站,07,異戊烷,0.3,ppb
東石站,07,正戊烷,0.12,ppb
東石站,07,反2-戊烯,0,ppb
東石站,07,1-戊烯,0,ppb
東石站,07,順2-戊烯,0,ppb
東石站,07,"2,2-二甲基丁烷",0,ppb
東石站,07,"2,3-二甲基丁烷",0,ppb
東石站,07,2-甲基戊烷,0.06,ppb
東石站,07,3-甲基戊烷,0,ppb
東石站,07,異戊二烯,0,ppb
東石站,07,正己烷,0.08,ppb
東石站,07,甲基環戊烷,0,ppb
東石站,07,"2,4-二甲基戊烷",0,ppb
東石站,07,苯,0.14,ppb
東石站,07,環己烷,0,ppb
東石站,07,2-甲基己烷,0.01,ppb
東石站,07,"2,3-二甲基戊烷",0,ppb
東石站,07,3-甲基己烷,0.03,ppb
東石站,07,"2,2,4-三甲基戊烷",0.03,ppb
東石站,07,正庚烷,0.04,ppb
東石站,07,甲基環己烷,0.02,ppb
東石站,07,"2,3,4-三甲基戊烷",0,ppb
東石站,07,甲苯,0.67,ppb
東石站,07,2-甲基庚烷,0.01,ppb
東石站,07,3-甲基庚烷,0,ppb
東石站,07,正辛烷,0.02,ppb
東石站,07,乙苯,0.04,ppb
東石站,07,"間,對二甲苯",0.11,ppb
東石站,07,苯乙烯,0,ppb
東石站,07,鄰二甲苯,0.04,ppb
東石站,07,正壬烷,0.01,ppb
東石站,07,異丙基苯,0,ppb
東石站,07,正丙基苯,0,ppb
東石站,07,間-乙基甲苯,0.02,ppb
東石站,07,對-乙基甲苯,0,ppb
東石站,07,"1,3,5-三甲基苯",0,ppb
東石站,07,鄰-乙基甲苯,0,ppb
東石站,07,"1,2,4-三甲基苯",0.04,ppb
東石站,07,葵烷,0,ppb
東石站,07,"1,2,3-三甲基苯",0.03,ppb
東石站,07,間-二乙基苯,0,ppb
東石站,07,對-二乙基苯,0,ppbv
東石站,07,正十一烷,0,ppbv
褒忠站,07,乙烷,1.67,ppb
褒忠站,07,乙烯,0.7,ppb
褒忠站,07,丙烷,1.37,ppb
褒忠站,07,丙烯,0.28,ppb
褒忠站,07,異丁烷,0.49,ppb
褒忠站,07,正丁烷,0.9,ppb
褒忠站,07,乙炔,0.27,ppb
褒忠站,07,反2-丁烯,0.04,ppb
褒忠站,07,1-丁烯,0.36,ppb
褒忠站,07,順2-丁烯,0.03,ppb
褒忠站,07,環戊烷,0.06,ppb
褒忠站,07,異戊烷,0.54,ppb
褒忠站,07,正戊烷,0.19,ppb
褒忠站,07,反2-戊烯,0,ppb
褒忠站,07,1-戊烯,0,ppb
褒忠站,07,順2-戊烯,0,ppb
褒忠站,07,"2,2-二甲基丁烷",0,ppb
褒忠站,07,"2,3-二甲基丁烷",0,ppb
褒忠站,07,2-甲基戊烷,0,ppb
褒忠站,07,3-甲基戊烷,0,ppb
褒忠站,07,異戊二烯,0,ppb
褒忠站,07,正己烷,0.09,ppb
褒忠站,07,甲基環戊烷,0.09,ppb
褒忠站,07,"2,4-二甲基戊烷",0,ppb
褒忠站,07,苯,0.13,ppb
褒忠站,07,環己烷,0.04,ppb
褒忠站,07,2-甲基己烷,0.04,ppb
褒忠站,07,"2,3-二甲基戊烷",0,ppb
褒忠站,07,3-甲基己烷,0.08,ppb
褒忠站,07,"2,2,4-三甲基戊烷",0.06,ppb
褒忠站,07,正庚烷,0.03,ppb
褒忠站,07,甲基環己烷,0.03,ppb
褒忠站,07,"2,3,4-三甲基戊烷",0.03,ppb
褒忠站,07,甲苯,1.06,ppb
褒忠站,07,2-甲基庚烷,0,ppb
褒忠站,07,3-甲基庚烷,0,ppb
褒忠站,07,正辛烷,0,ppb
褒忠站,07,乙苯,0.08,ppb
褒忠站,07,"間,對二甲苯",0.13,ppb
褒忠站,07,苯乙烯,0,ppb
褒忠站,07,鄰二甲苯,0.06,ppb
褒忠站,07,正壬烷,0,ppb
褒忠站,07,異丙基苯,0,ppb
褒忠站,07,正丙基苯,0,ppb
褒忠站,07,間-乙基甲苯,0.03,ppb
褒忠站,07,對-乙基甲苯,0,ppb
褒忠站,07,"1,3,5-三甲基苯",0,ppb
褒忠站,07,鄰-乙基甲苯,0,ppb
褒忠站,07,"1,2,4-三甲基苯",0.05,ppb
褒忠站,07,葵烷,0.01,ppb
褒忠站,07,"1,2,3-三甲基苯",0.03,ppb
褒忠站,07,間-二乙基苯,0.03,ppb
褒忠站,07,對-二乙基苯,0.02,ppbv
褒忠站,07,正十一烷,0.03,ppbv
崙背站,07,乙烷,1.61,ppb
崙背站,07,乙烯,0.91,ppb
崙背站,07,丙烷,1.1,ppb
崙背站,07,丙烯,0.26,ppb
崙背站,07,異丁烷,0.4,ppb
崙背站,07,正丁烷,0.9,ppb
崙背站,07,乙炔,0.5,ppb
崙背站,07,反2-丁烯,0,ppb
崙背站,07,1-丁烯,0.13,ppb
崙背站,07,順2-丁烯,0,ppb
崙背站,07,環戊烷,0.09,ppb
崙背站,07,異戊烷,0.51,ppb
崙背站,07,正戊烷,0.2,ppb
崙背站,07,反2-戊烯,0,ppb
崙背站,07,1-戊烯,0,ppb
崙背站,07,順2-戊烯,0,ppb
崙背站,07,"2,2-二甲基丁烷",0,ppb
崙背站,07,"2,3-二甲基丁烷",0,ppb
崙背站,07,2-甲基戊烷,0.09,ppb
崙背站,07,3-甲基戊烷,0.06,ppb
崙背站,07,異戊二烯,0.02,ppb
崙背站,07,正己烷,0,ppb
崙背站,07,甲基環戊烷,0,ppb
崙背站,07,"2,4-二甲基戊烷",0,ppb
崙背站,07,苯,0.04,ppb
崙背站,07,環己烷,0,ppb
崙背站,07,2-甲基己烷,0,ppb
崙背站,07,"2,3-二甲基戊烷",0,ppb
崙背站,07,3-甲基己烷,0,ppb
崙背站,07,"2,2,4-三甲基戊烷",0,ppb
崙背站,07,正庚烷,0,ppb
崙背站,07,甲基環己烷,0,ppb
崙背站,07,"2,3,4-三甲基戊烷",0,ppb
崙背站,07,甲苯,0.68,ppb
崙背站,07,2-甲基庚烷,0,ppb
崙背站,07,3-甲基庚烷,0,ppb
崙背站,07,正辛烷,0,ppb
崙背站,07,乙苯,0.05,ppb
崙背站,07,"間,對二甲苯",0.19,ppb
崙背站,07,苯乙烯,0,ppb
崙背站,07,鄰二甲苯,0.08,ppb
崙背站,07,正壬烷,0,ppb
崙背站,07,異丙基苯,0,ppb
崙背站,07,正丙基苯,0,ppb
崙背站,07,間-乙基甲苯,0.03,ppb
崙背站,07,對-乙基甲苯,0,ppb
崙背站,07,"1,3,5-三甲基苯",0,ppb
崙背站,07,鄰-乙基甲苯,0.02,ppb
崙背站,07,"1,2,4-三甲基苯",0.08,ppb
崙背站,07,葵烷,0,ppb
崙背站,07,"1,2,3-三甲基苯",0.04,ppb
崙背站,07,間-二乙基苯,0,ppb
崙背站,07,對-二乙基苯,0,ppbv
崙背站,07,正十一烷,0.01,ppbv
四湖站,07,乙烷,1.46,ppb
四湖站,07,乙烯,0.52,ppb
四湖站,07,丙烷,0.91,ppb
四湖站,07,丙烯,0.15,ppb
四湖站,07,異丁烷,0.32,ppb
四湖站,07,正丁烷,0.57,ppb
四湖站,07,乙炔,0.51,ppb
四湖站,07,反2-丁烯,0.04,ppb
四湖站,07,1-丁烯,0.22,ppb
四湖站,07,順2-丁烯,0,ppb
四湖站,07,環戊烷,0,ppb
四湖站,07,異戊烷,0.33,ppb
四湖站,07,正戊烷,0.13,ppb
四湖站,07,反2-戊烯,0,ppb
四湖站,07,1-戊烯,0,ppb
四湖站,07,順2-戊烯,0,ppb
四湖站,07,"2,2-二甲基丁烷",0,ppb
四湖站,07,"2,3-二甲基丁烷",0,ppb
四湖站,07,2-甲基戊烷,0.05,ppb
四湖站,07,3-甲基戊烷,0.04,ppb
四湖站,07,異戊二烯,0,ppb
四湖站,07,正己烷,0.09,ppb
四湖站,07,甲基環戊烷,0.06,ppb
四湖站,07,"2,4-二甲基戊烷",0,ppb
四湖站,07,苯,0.16,ppb
四湖站,07,環己烷,0,ppb
四湖站,07,2-甲基己烷,0.03,ppb
四湖站,07,"2,3-二甲基戊烷",0,ppb
四湖站,07,3-甲基己烷,0.05,ppb
四湖站,07,"2,2,4-三甲基戊烷",0.04,ppb
四湖站,07,正庚烷,0.04,ppb
四湖站,07,甲基環己烷,0.03,ppb
四湖站,07,"2,3,4-三甲基戊烷",0,ppb
四湖站,07,甲苯,0.72,ppb
四湖站,07,2-甲基庚烷,0,ppb
四湖站,07,3-甲基庚烷,0,ppb
四湖站,07,正辛烷,0,ppb
四湖站,07,乙苯,0.04,ppb
四湖站,07,"間,對二甲苯",0.14,ppb
四湖站,07,苯乙烯,0.02,ppb
四湖站,07,鄰二甲苯,0.05,ppb
四湖站,07,正壬烷,0,ppb
四湖站,07,異丙基苯,0,ppb
四湖站,07,正丙基苯,0,ppb
四湖站,07,間-乙基甲苯,0.02,ppb
四湖站,07,對-乙基甲苯,0,ppb
四湖站,07,"1,3,5-三甲基苯",0,ppb
四湖站,07,鄰-乙基甲苯,0.01,ppb
四湖站,07,"1,2,4-三甲基苯",0.06,ppb
四湖站,07,葵烷,0.01,ppb
四湖站,07,"1,2,3-三甲基苯",0.04,ppb
四湖站,07,間-二乙基苯,0,ppb
四湖站,07,對-二乙基苯,0,ppbv
四湖站,07,正十一烷,0,ppbv
東勢站,07,乙烷,1.5,ppb
東勢站,07,乙烯,0.82,ppb
東勢站,07,丙烷,1.7,ppb
東勢站,07,丙烯,0.33,ppb
東勢站,07,異丁烷,0.52,ppb
東勢站,07,正丁烷,0.94,ppb
東勢站,07,乙炔,0.25,ppb
東勢站,07,反2-丁烯,0.08,ppb
東勢站,07,1-丁烯,0.23,ppb
東勢站,07,順2-丁烯,0.06,ppb
東勢站,07,環戊烷,0.08,ppb
東勢站,07,異戊烷,0.57,ppb
東勢站,07,正戊烷,0.21,ppb
東勢站,07,反2-戊烯,0.02,ppb
東勢站,07,1-戊烯,0,ppb
東勢站,07,順2-戊烯,0,ppb
東勢站,07,"2,2-二甲基丁烷",0,ppb
東勢站,07,"2,3-二甲基丁烷",0.03,ppb
東勢站,07,2-甲基戊烷,0.08,ppb
東勢站,07,3-甲基戊烷,0.08,ppb
東勢站,07,異戊二烯,0.01,ppb
東勢站,07,正己烷,0.06,ppb
東勢站,07,甲基環戊烷,0.08,ppb
東勢站,07,"2,4-二甲基戊烷",0,ppb
東勢站,07,苯,0.11,ppb
東勢站,07,環己烷,0.04,ppb
東勢站,07,2-甲基己烷,0.1,ppb
東勢站,07,"2,3-二甲基戊烷",0,ppb
東勢站,07,3-甲基己烷,0.06,ppb
東勢站,07,"2,2,4-三甲基戊烷",0.07,ppb
東勢站,07,正庚烷,0.05,ppb
東勢站,07,甲基環己烷,0.03,ppb
東勢站,07,"2,3,4-三甲基戊烷",0.04,ppb
東勢站,07,甲苯,0.92,ppb
東勢站,07,2-甲基庚烷,0,ppb
東勢站,07,3-甲基庚烷,0.01,ppb
東勢站,07,正辛烷,0,ppb
東勢站,07,乙苯,0.07,ppb
東勢站,07,"間,對二甲苯",0.2,ppb
東勢站,07,苯乙烯,0,ppb
東勢站,07,鄰二甲苯,0.01,ppb
東勢站,07,正壬烷,0,ppb
東勢站,07,異丙基苯,0,ppb
東勢站,07,正丙基苯,0,ppb
東勢站,07,間-乙基甲苯,0,ppb
東勢站,07,對-乙基甲苯,0,ppb
東勢站,07,"1,3,5-三甲基苯",0,ppb
東勢站,07,鄰-乙基甲苯,0,ppb
東勢站,07,"1,2,4-三甲基苯",0.01,ppb
東勢站,07,葵烷,0,ppb
東勢站,07,"1,2,3-三甲基苯",0.01,ppb
東勢站,07,間-二乙基苯,0,ppb
東勢站,07,對-二乙基苯,0,ppbv
東勢站,07,正十一烷,0,ppbv
麥寮站,07,乙烷,1.37,ppb
麥寮站,07,乙烯,0.68,ppb
麥寮站,07,丙烷,0.92,ppb
麥寮站,07,丙烯,0.16,ppb
麥寮站,07,異丁烷,0.36,ppb
麥寮站,07,正丁烷,0.69,ppb
麥寮站,07,乙炔,0.45,ppb
麥寮站,07,反2-丁烯,0,ppb
麥寮站,07,1-丁烯,0.11,ppb
麥寮站,07,順2-丁烯,0,ppb
麥寮站,07,環戊烷,0.09,ppb
麥寮站,07,異戊烷,0.39,ppb
麥寮站,07,正戊烷,0.15,ppb
麥寮站,07,反2-戊烯,0,ppb
麥寮站,07,1-戊烯,0,ppb
麥寮站,07,順2-戊烯,0,ppb
麥寮站,07,"2,2-二甲基丁烷",0,ppb
麥寮站,07,"2,3-二甲基丁烷",0,ppb
麥寮站,07,2-甲基戊烷,0.06,ppb
麥寮站,07,3-甲基戊烷,0.05,ppb
麥寮站,07,異戊二烯,0,ppb
麥寮站,07,正己烷,0,ppb
麥寮站,07,甲基環戊烷,0.03,ppb
麥寮站,07,"2,4-二甲基戊烷",0,ppb
麥寮站,07,苯,0.14,ppb
麥寮站,07,環己烷,0,ppb
麥寮站,07,2-甲基己烷,0.02,ppb
麥寮站,07,"2,3-二甲基戊烷",0,ppb
麥寮站,07,3-甲基己烷,0,ppb
麥寮站,07,"2,2,4-三甲基戊烷",0.03,ppb
麥寮站,07,正庚烷,0.04,ppb
麥寮站,07,甲基環己烷,0,ppb
麥寮站,07,"2,3,4-三甲基戊烷",0,ppb
麥寮站,07,甲苯,0.75,ppb
麥寮站,07,2-甲基庚烷,0,ppb
麥寮站,07,3-甲基庚烷,0,ppb
麥寮站,07,正辛烷,0,ppb
麥寮站,07,乙苯,0.05,ppb
麥寮站,07,"間,對二甲苯",0.19,ppb
麥寮站,07,苯乙烯,0,ppb
麥寮站,07,鄰二甲苯,0.07,ppb
麥寮站,07,正壬烷,0,ppb
麥寮站,07,異丙基苯,0,ppb
麥寮站,07,正丙基苯,0,ppb
麥寮站,07,間-乙基甲苯,0.03,ppb
麥寮站,07,對-乙基甲苯,0,ppb
麥寮站,07,"1,3,5-三甲基苯",0,ppb
麥寮站,07,鄰-乙基甲苯,0,ppb
麥寮站,07,"1,2,4-三甲基苯",0.07,ppb
麥寮站,07,葵烷,0,ppb
麥寮站,07,"1,2,3-三甲基苯",0.05,ppb
麥寮站,07,間-二乙基苯,0,ppb
麥寮站,07,對-二乙基苯,0.01,ppbv
麥寮站,07,正十一烷,0,ppbv
台西站,07,乙烷,---,ppb
台西站,07,乙烯,---,ppb
台西站,07,丙烷,---,ppb
台西站,07,丙烯,---,ppb
台西站,07,異丁烷,---,ppb
台西站,07,正丁烷,---,ppb
台西站,07,乙炔,---,ppb
台西站,07,反2-丁烯,---,ppb
台西站,07,1-丁烯,---,ppb
台西站,07,順2-丁烯,---,ppb
台西站,07,環戊烷,---,ppb
台西站,07,異戊烷,---,ppb
台西站,07,正戊烷,---,ppb
台西站,07,反2-戊烯,---,ppb
台西站,07,1-戊烯,---,ppb
台西站,07,順2-戊烯,---,ppb
台西站,07,"2,2-二甲基丁烷",---,ppb
台西站,07,"2,3-二甲基丁烷",---,ppb
台西站,07,2-甲基戊烷,---,ppb
台西站,07,3-甲基戊烷,---,ppb
台西站,07,異戊二烯,---,ppb
台西站,07,正己烷,---,ppb
台西站,07,甲基環戊烷,---,ppb
台西站,07,"2,4-二甲基戊烷",---,ppb
台西站,07,苯,---,ppb
台西站,07,環己烷,---,ppb
台西站,07,2-甲基己烷,---,ppb
台西站,07,"2,3-二甲基戊烷",---,ppb
台西站,07,3-甲基己烷,---,ppb
台西站,07,"2,2,4-三甲基戊烷",---,ppb
台西站,07,正庚烷,---,ppb
台西站,07,甲基環己烷,---,ppb
台西站,07,"2,3,4-三甲基戊烷",---,ppb
台西站,07,甲苯,---,ppb
台西站,07,2-甲基庚烷,---,ppb
台西站,07,3-甲基庚烷,---,ppb
台西站,07,正辛烷,---,ppb
台西站,07,乙苯,---,ppb
台西站,07,"間,對二甲苯",---,ppb
台西站,07,苯乙烯,---,ppb
台西站,07,鄰二甲苯,---,ppb
台西站,07,正壬烷,---,ppb
台西站,07,異丙基苯,---,ppb
台西站,07,正丙基苯,---,ppb
台西站,07,間-乙基甲苯,---,ppb
台西站,07,對-乙基甲苯,---,ppb
台西站,07,"1,3,5-三甲基苯",---,ppb
台西站,07,鄰-乙基甲苯,---,ppb
台西站,07,"1,2,4-三甲基苯",---,ppb
台西站,07,葵烷,---,ppb
台西站,07,"1,2,3-三甲基苯",---,ppb
台西站,07,間-二乙基苯,---,ppb
台西站,07,對-二乙基苯,---,ppbv
台西站,07,正十一烷,---,ppbv
土庫站,07,乙烷,1.9,ppb
土庫站,07,乙烯,0.76,ppb
土庫站,07,丙烷,1.63,ppb
土庫站,07,丙烯,0.28,ppb
土庫站,07,異丁烷,0.5,ppb
土庫站,07,正丁烷,0.88,ppb
土庫站,07,乙炔,0.65,ppb
土庫站,07,反2-丁烯,0.04,ppb
土庫站,07,1-丁烯,0.13,ppb
土庫站,07,順2-丁烯,0.03,ppb
土庫站,07,環戊烷,0.06,ppb
土庫站,07,異戊烷,0.54,ppb
土庫站,07,正戊烷,0.2,ppb
土庫站,07,反2-戊烯,0.02,ppb
土庫站,07,1-戊烯,0,ppb
土庫站,07,順2-戊烯,0,ppb
土庫站,07,"2,2-二甲基丁烷",0.04,ppb
土庫站,07,"2,3-二甲基丁烷",0.04,ppb
土庫站,07,2-甲基戊烷,0.12,ppb
土庫站,07,3-甲基戊烷,0.09,ppb
土庫站,07,異戊二烯,0,ppb
土庫站,07,正己烷,0.03,ppb
土庫站,07,甲基環戊烷,0.09,ppb
土庫站,07,"2,4-二甲基戊烷",0,ppb
土庫站,07,苯,0.18,ppb
土庫站,07,環己烷,0,ppb
土庫站,07,2-甲基己烷,0.04,ppb
土庫站,07,"2,3-二甲基戊烷",0,ppb
土庫站,07,3-甲基己烷,0.06,ppb
土庫站,07,"2,2,4-三甲基戊烷",0.05,ppb
土庫站,07,正庚烷,0.05,ppb
土庫站,07,甲基環己烷,0,ppb
土庫站,07,"2,3,4-三甲基戊烷",0.02,ppb
土庫站,07,甲苯,0.98,ppb
土庫站,07,2-甲基庚烷,0,ppb
土庫站,07,3-甲基庚烷,0,ppb
土庫站,07,正辛烷,0,ppb
土庫站,07,乙苯,0.08,ppb
土庫站,07,"間,對二甲苯",0.23,ppb
土庫站,07,苯乙烯,0,ppb
土庫站,07,鄰二甲苯,0.07,ppb
土庫站,07,正壬烷,0,ppb
土庫站,07,異丙基苯,0,ppb
土庫站,07,正丙基苯,0,ppb
土庫站,07,間-乙基甲苯,0.03,ppb
土庫站,07,對-乙基甲苯,0,ppb
土庫站,07,"1,3,5-三甲基苯",0.01,ppb
土庫站,07,鄰-乙基甲苯,0.02,ppb
土庫站,07,"1,2,4-三甲基苯",0.07,ppb
土庫站,07,葵烷,0.01,ppb
土庫站,07,"1,2,3-三甲基苯",0.04,ppb
土庫站,07,間-二乙基苯,0.01,ppb
土庫站,07,對-二乙基苯,0,ppbv
土庫站,07,正十一烷,0.01,ppbv
西螺站,07,乙烷,1.79,ppb
西螺站,07,乙烯,0.92,ppb
西螺站,07,丙烷,1.42,ppb
西螺站,07,丙烯,0.29,ppb
西螺站,07,異丁烷,0.56,ppb
西螺站,07,正丁烷,1.08,ppb
西螺站,07,乙炔,0.68,ppb
西螺站,07,反2-丁烯,0,ppb
西螺站,07,1-丁烯,0.11,ppb
西螺站,07,順2-丁烯,0.04,ppb
西螺站,07,環戊烷,0.1,ppb
西螺站,07,異戊烷,0.58,ppb
西螺站,07,正戊烷,0.18,ppb
西螺站,07,反2-戊烯,0,ppb
西螺站,07,1-戊烯,0,ppb
西螺站,07,順2-戊烯,0,ppb
西螺站,07,"2,2-二甲基丁烷",0.02,ppb
西螺站,07,"2,3-二甲基丁烷",0.06,ppb
西螺站,07,2-甲基戊烷,0.14,ppb
西螺站,07,3-甲基戊烷,0.09,ppb
西螺站,07,異戊二烯,0,ppb
西螺站,07,正己烷,0.06,ppb
西螺站,07,甲基環戊烷,0.09,ppb
西螺站,07,"2,4-二甲基戊烷",0,ppb
西螺站,07,苯,0.06,ppb
西螺站,07,環己烷,0.05,ppb
西螺站,07,2-甲基己烷,0.03,ppb
西螺站,07,"2,3-二甲基戊烷",0,ppb
西螺站,07,3-甲基己烷,0.06,ppb
西螺站,07,"2,2,4-三甲基戊烷",0.09,ppb
西螺站,07,正庚烷,0.03,ppb
西螺站,07,甲基環己烷,0.04,ppb
西螺站,07,"2,3,4-三甲基戊烷",0.03,ppb
西螺站,07,甲苯,0.98,ppb
西螺站,07,2-甲基庚烷,0,ppb
西螺站,07,3-甲基庚烷,0,ppb
西螺站,07,正辛烷,0.02,ppb
西螺站,07,乙苯,0.07,ppb
西螺站,07,"間,對二甲苯",0.21,ppb
西螺站,07,苯乙烯,0,ppb
西螺站,07,鄰二甲苯,0.08,ppb
西螺站,07,正壬烷,0,ppb
西螺站,07,異丙基苯,0.01,ppb
西螺站,07,正丙基苯,0,ppb
西螺站,07,間-乙基甲苯,0.03,ppb
西螺站,07,對-乙基甲苯,0,ppb
西螺站,07,"1,3,5-三甲基苯",0.02,ppb
西螺站,07,鄰-乙基甲苯,0.02,ppb
西螺站,07,"1,2,4-三甲基苯",0.07,ppb
西螺站,07,葵烷,0.02,ppb
西螺站,07,"1,2,3-三甲基苯",0.06,ppb
西螺站,07,間-二乙基苯,0,ppb
西螺站,07,對-二乙基苯,0.02,ppbv
西螺站,07,正十一烷,0.02,ppbv
